use wannabe;
INSERT INTO `users` VALUES (1,'1@gmail.com','송중기','$2b$10$EqyM8FLGN2E95s4ke7LVdeR/dt4RCLm8T.1n3WdbwjiBIqzHUBU.a','local',NULL,'M','1985-09-19 09:00:00','celebrity',1,NULL,'2024-05-21 09:34:27','2024-05-21 09:42:43',NULL),(2,'2@gmail.com','이동욱','$2b$10$x9aekOYXaVbd/K4jMicFKumDzvvU28ZLQXEvSFVqpe3I.sg3TFLH6','local',NULL,'M','1981-11-06 09:00:00','celebrity',2,NULL,'2024-05-21 09:34:33','2024-05-21 09:34:33',NULL),(3,'3@gmail.com','윤시윤','$2b$10$SnJZTmkMcNXaAIAznuLqu.PSsVYp9APt/LO3c6klmn6teRDnvNgSm','local',NULL,'M','1986-09-26 09:00:00','celebrity',3,NULL,'2024-05-21 09:34:41','2024-05-21 09:34:41',NULL),(4,'4@gmail.com','마동석','$2b$10$7rxHai.IfTjAhxGVT8UvGO/BFwC8h1kGEBY57qXDYRL.l5fOZlWZ.','local',NULL,'M','1971-03-01 09:00:00','celebrity',4,NULL,'2024-05-21 09:34:48','2024-05-21 09:34:48',NULL),(5,'5@gmail.com','박신혜','$2b$10$OqiM98tPF3UUuVZkTcKqVum39EIb1AktlUC5qKMFczVdsch/k0Zq.','local',NULL,'F','1990-02-18 09:00:00','celebrity',5,NULL,'2024-05-21 09:34:54','2024-05-21 09:34:54',NULL),(6,'6@gmail.com','배수지','$2b$10$ZCMQB2L.G10DN1u7uLFv7uDF21Tv7o97PMlK4ZLmLdzbPe/pXOc16','local',NULL,'F','1994-10-10 09:00:00','celebrity',6,NULL,'2024-05-21 09:35:00','2024-05-21 09:35:00',NULL),(7,'7@gmail.com','공효진','$2b$10$aKpJr8RJYjTcQlI5ARMtNupVqp0eRBt2Yb3NpbVo94XL1G3vZaMom','local',NULL,'F','1980-04-04 09:00:00','celebrity',7,NULL,'2024-05-21 09:35:06','2024-05-21 09:35:06',NULL),(8,'8@gmail.com','김태희','$2b$10$5jfuVN0KHkcfT6qpFlSAo.dHcxYKBCfB0yB.k0mmIbA0a6WAm5zAe','local',NULL,'F','1980-03-29 09:00:00','celebrity',8,NULL,'2024-05-21 09:35:12','2024-05-21 09:35:12',NULL),(9,'9@gmail.com','이하늬','$2b$10$ZmL4oLbDHByrkHP4S4etAuKJj3WVnHzef.J9qc5dgmbCmjztB2ULO','local',NULL,'F','1983-03-02 09:00:00','celebrity',9,NULL,'2024-05-21 09:35:17','2024-05-21 09:35:17',NULL),(10,'t1@gmail.com','테스터1','$2b$10$fHgifY/qcnwUpMnurVLaquGU4efSexJJ8./E.ghtP9ie6N0DGPBVO','local',NULL,'M','2001-01-01 09:00:00','normal',1,NULL,'2024-05-21 09:35:23','2024-06-07 15:48:04',NULL),(11,'t2@gmail.com','테스터2','$2b$10$D.wWkUh.S4XwWbjB7rKHLOpspaLXO2OYM4kRrM7YuUxQJokWCUw72','local',NULL,'M','2001-01-01 09:00:00','normal',2,NULL,'2024-05-21 09:35:30','2024-06-07 15:48:38',NULL),(12,'t3@gmail.com','테스터3','$2b$10$RsaeCch/O4lKwDacF6oPAe6fBMWRpJBdhPLcyKswWQl.Fg1Yu/nbi','local',NULL,'M','2001-01-01 09:00:00','normal',3,NULL,'2024-05-21 09:35:35','2024-06-07 15:49:12',NULL),(13,'t4@gmail.com','테스터4','$2b$10$bxl2U2LKGJ4Dfdj.kEm4c.x//hwPCRBaveXoKSaafbJxrRpiIqS46','local',NULL,'M','2001-01-01 09:00:00','normal',4,NULL,'2024-05-21 09:35:41','2024-06-07 14:32:55',NULL),(14,'t5@gmail.com','테스터5','$2b$10$MH0HmSHiHiW5dOwECR.dseev/bLzmbM3GUKkLDJAprXmIwWc2DaDK','local',NULL,'F','2001-01-01 09:00:00','normal',5,NULL,'2024-05-21 09:35:49','2024-06-07 15:47:31',NULL),(15,'t6@gmail.com','테스터6','$2b$10$chlM0SWsZLfSjBW2ef6kgOyjk9cU6TL4Wcl0CvD9XfubI89JLL61u','local',NULL,'F','2001-01-01 09:00:00','normal',6,NULL,'2024-05-21 09:35:54','2024-05-21 09:35:54',NULL),(16,'t7@gmail.com','테스터7','$2b$10$dXZalgUpQYLnPWppFYX5hOlPoL32GORYDTbcg8XyK6O88dm/uHM5a','local',NULL,'F','2001-01-01 09:00:00','normal',7,NULL,'2024-05-21 09:36:00','2024-06-07 15:49:44',NULL),(17,'t8@gmail.com','테스터8','$2b$10$ZbwEZK5xTFu/l3OsuY6LHOIsfMnVdhtyjDzTAQPDZPLyLqPpPRmS6','local',NULL,'F','2001-01-01 09:00:00','normal',8,NULL,'2024-05-21 09:36:06','2024-06-07 15:50:12',NULL),(18,'t9@gmail.com','테스터9','$2b$10$f4KU6XI7lYrPfoGbOOkmGewijh7Ezy9CmWe24HquqShw0.xk2G4p2','local',NULL,'F','2001-01-01 09:00:00','normal',9,NULL,'2024-05-21 09:36:12','2024-06-07 15:50:43',NULL),(19,'kdc@gmail.com','김덕춘','$2b$10$7FqOFscMN.sbH6qOjEgh7eATvUBs21JBXTe4C22UxiMTtAEsSLaoO','local',NULL,'M','1955-06-11 09:00:00','normal',2,'eyJhbGciOiJIUzI1NiIsInR5cCI6IkpXVCJ9.eyJpZCI6MTksIm5pY2tuYW1lIjoi6rmA642V7LaYIiwiZ3JhZGUiOiJub3JtYWwiLCJpYXQiOjE3MTc3NDMwNTEsImV4cCI6MTcxODM0Nzg1MSwiaXNzIjoid2FubmFiZSIsInN1YiI6InJlZnJlc2hUb2tlbiJ9.vvZc3dwo-Jn_u8kJ6QExfvAJkqtmvySh4cz7Zw9ofPA','2024-06-07 14:40:23','2024-06-07 15:50:51',NULL);

INSERT INTO `user_details` VALUES (1,178,65,20.52,'1',1950,'/uploads/11716251418438.jpg','2024-05-21 09:34:27','2024-05-21 09:34:27',NULL,1),(2,185,72,21.04,'2',2160,'/uploads/21716251445277.jpg','2024-05-21 09:34:33','2024-05-21 09:34:33',NULL,2),(3,175,63,20.57,'3',1890,'/uploads/31716251477551.jpg','2024-05-21 09:34:41','2024-05-21 09:34:41',NULL,3),(4,178,120,37.87,'4',3600,'/uploads/41716251492496.jpg','2024-05-21 09:34:48','2024-05-21 09:34:48',NULL,4),(5,168,50,17.72,'5',1500,'/uploads/51716251506879.jpg','2024-05-21 09:34:54','2024-05-21 09:34:54',NULL,5),(6,168,47,16.65,'6',1410,'/uploads/61716251523266.jpg','2024-05-21 09:35:00','2024-05-21 09:35:00',NULL,6),(7,172,46,15.55,'7',1380,'/uploads/71716251544208.jpg','2024-05-21 09:35:06','2024-05-21 09:35:06',NULL,7),(8,162,45,17.15,'8',1350,'/uploads/81716251558546.jpg','2024-05-21 09:35:12','2024-05-21 09:35:12',NULL,8),(9,173,56,18.71,'9',1680,'/uploads/91716251571603.jpg','2024-05-21 09:35:17','2024-05-21 09:35:17',NULL,9),(10,160,60,23.44,'1',1800,'/uploads/default1716251623100.jpg','2024-05-21 09:35:23','2024-05-21 09:35:23',NULL,10),(11,160,60,23.44,'2',1800,'/uploads/default1716251623100.jpg','2024-05-21 09:35:30','2024-05-21 09:35:30',NULL,11),(12,160,60,23.44,'3',1800,'/uploads/default1716251623100.jpg','2024-05-21 09:35:35','2024-05-21 09:35:35',NULL,12),(13,160,60,23.44,'4',1800,'/uploads/default1716251623100.jpg','2024-05-21 09:35:41','2024-05-21 09:35:41',NULL,13),(14,160,60,23.44,'5',1800,'/uploads/default1716251623100.jpg','2024-05-21 09:35:49','2024-05-21 09:35:49',NULL,14),(15,160,60,23.44,'6',1800,'/uploads/default1716251623100.jpg','2024-05-21 09:35:54','2024-05-21 09:35:54',NULL,15),(16,160,60,23.44,'7',1800,'/uploads/default1716251623100.jpg','2024-05-21 09:36:00','2024-05-21 09:36:00',NULL,16),(17,160,60,23.44,'8',1800,'/uploads/default1716251623100.jpg','2024-05-21 09:36:06','2024-05-21 09:36:06',NULL,17),(18,160,60,23.44,'9',1800,'/uploads/default1716251623100.jpg','2024-05-21 09:36:12','2024-05-21 09:36:12',NULL,18),(19,175,80,26.1224,'2',2400,'/uploads/kdc1717738621511.png','2024-06-01 14:40:23','2024-06-01 14:40:23',NULL,19),(20,175,78,25.47,'2',2340,'/uploads/kdc1717738621511.png','2024-06-03 14:40:23','2024-06-03 14:40:23',NULL,19),(21,175,76,24.82,'2',2280,'/uploads/kdc1717738621511.png','2024-06-05 14:40:23','2024-06-05 14:40:23',NULL,19),(22,175,74,24.16,'2',2220,'/uploads/kdc1717738621511.png','2024-06-07 14:40:23','2024-06-07 14:40:23',NULL,19),(23,175,76,24.82,'2',2280,'/uploads/kdc1717738621511.png','2024-06-09 14:40:23','2024-06-09 14:40:23',NULL,19),(24,175,72,23.51,'2',2100,'/uploads/kdc1717738621511.png','2024-06-10 14:40:23','2024-06-10 14:40:23',NULL,19);

INSERT INTO `categories` VALUES (1,'운동','exercise.jpg','2024-05-14 10:48:02','2024-05-14 10:48:02',NULL),(2,'식단','food.jpg','2024-05-14 10:48:02','2024-05-14 10:48:02',NULL);

INSERT INTO `exercises` (name,sort,description,img,url,created_at,updated_at,deleted_at,category_id) VALUES
	('디클라인 벤치프레스','가슴','인클라인과는 반대로 땅을 향해 기울어진 벤치 위에서 하는 운동이다. 가슴 하부 근육을 주로 발달시키며 예쁜 가슴 라인을 만들려는 목적으로 하는 운동이다.','/img/가슴/디클라인_벤치프레스.png','IVCTkofB3ek','2024-05-14 10:48:02','2024-05-14 10:48:02',NULL,1),
	('인클라인 바벨 벤치 프레스','가슴','평평한 벤치가 비스듬히 세워진 벤치에서 실시한다. 가슴 상부 근육을 좀 더 집중적으로 발달시키는 운동으로 보기 좋은 가슴 근육을 만들기 위해 빼놓을 수 없는 운동이다.','/img/가슴/인클라인_바벨_벤치_프레스.jpg','RO39negnXxM','2024-05-14 10:48:02','2024-05-14 10:48:02',NULL,1),
	('체스트 프레스 머신','가슴','상체근육을 강화하는 데 효율적인 운동기구 중 하나다. 무엇보다 기구에 앉아서 운동을 하기 때문에 자세 유지가 쉽다. 즉 초보자들이 안전하게 상체근육을 강화할 수 있다. 또 다양한 그립과 각도설정을 통해 여러 가슴근육을 자극할 수 있다.체스트프레스머신은 가슴, 어깨, 팔 등 상체 전반의 근육강화에 도움이 된다. 구체적으로 가슴근육, 어깨근육, 상완삼두근 등 상체근력을 단련할 수 있다. 또 전방거근과 이두근 등 다른 근육도 단련시킬 수 있다.단순히 상체근육을 강화하는 것 외에도 일상생활에서 필요한 상체 힘과 지구력을 향상시키는 데도 도움이 된다. 특히 고령자가 일상생활을 보다 쉽고 효율적으로 수행할 수 있는 근력을 길러준다. 또 골다공증 예방에도 도움을 준다.','/img/가슴/체스트_프레스_머신.png','eLbsMnfoCq8','2024-05-14 10:48:02','2024-05-14 10:48:02',NULL,1),
	('펙덱 플라이','가슴','대흉근의 흉근안쪽과 바깥쪽을 두텁게 해주며 지속적인 긴장을 유도한다. 뿐만 아니라 강도와 섬세함에 주안점을 두는 고립운동이다.','/img/가슴/펙덱_플라이.jpg','f4SeWGYCdSk','2024-05-14 10:48:02','2024-05-14 10:48:02',NULL,1),
	('플랫 벤치프레스','가슴','글자 그대로 평평한 벤치에 누워서 한다. 일반적으로 벤치 프레스라고 하면 이것을 가리키며 많은 사람들이 선호하는 가슴 운동이다 . 벤치 프레스는 대흉근을 크게 키우는 대표적인 운동이지만, 부가적으로 삼두근도 발달시킨다. 벤치프레스는 가슴부위의 전면적인 형태를 만들어주는 가장 넓은 범위의 가슴운동이다.','/img/가슴/플랫_벤치프레스.png','ub936ioAT9o','2024-05-14 10:48:02','2024-05-14 10:48:02',NULL,1),
	('랫풀다운','등','턱걸이를 하듯 어깨보다 좀 더 넓게 바를 잡은 다음, 상체를 뒤로 젖히고 팔이 아니라 등의 힘으로 당겨 내려오는 방식이 가장 기본적인 형태이다. 턱걸이와 가동부위는 거의 같으며, 좁게 잡을수록 광배근 안쪽이, 넓게 잡을수록 상부와 바깥쪽이 발달된다.','/img/등/랫풀다운.png','y5YNjCUzCpE','2024-05-14 10:48:02','2024-05-14 10:48:02',NULL,1),
	('바벨 로우','등','등을 키우는 좋은 운동이다. 노를 젓는 것과 같다고 해서 로우라고 하며, 각도나 그립 종류, 그립을 잡는 넓이에 따라서 자극 부위가 달라져 그만큼 세부적으로 등을 키울 수 있으며 턱걸이가 등 상부를 담당한다면 로우는 등의 중하부와 코어 근육도 함께 단련 돼 몸을 더 탄탄하게 만들어준다. ','/img/등/바벨로우.jpg','_sdc6D6WvtU','2024-05-14 10:48:02','2024-05-14 10:48:02',NULL,1),
	('시티드로우','등','멋진 역삼각형 몸매를 위한 등을 키워주는 운동들 중 하나이다.핸들에서 적당한 거리를 두고 앉은 뒤, 허리가 곧게 편 상태를 계속 유지해 주며 핸들을 몸 쪽으로 당겼다 놓는 동작을 반복한다. 마치 조정선수가 노를 젓는 것처럼 상체를 앞뒤로 젖히며 힘을 더하기도 하지만 상체를 고정시켜서 사용 근육을 특정 부위에 더 고립시켜주기도 한다. 흔히 사용되는 좁은 그립은 광배근에, 넓은 그립은 승모근 하부에 집중이 된다.','/img/등/시티드로우.webp','t6edD5c7QWw','2024-05-14 10:48:02','2024-05-14 10:48:02',NULL,1),
	('컨벤셔널 데드리프트','등','웨이트 트레이닝을 대표하는 3대 운동(스쿼트, 벤치 프레스, 데드리프트) 중 하나이다. 신체 대부분의 근육까지 개입되는 최고의 전신 복합운동이며 등을 포함해 척추기립근, 대둔근, 햄스트링, 하체까지 사용하는 운동이다.','/img/등/컨벤셔널_데드리프트.jpg','eip18bNyWMQ','2024-05-14 10:48:02','2024-05-14 10:48:02',NULL,1),
	('케이블 풀다운','등',' 케이블을 사용하여 광배근을 자극 시키는 단일 관절 운동이며 위에서 아래도 당기는 수직운동이기 때문에 광배근의 수축과 이완을 최대한 활용할 수 있고, 등의 너비를 넓혀주는 효과를 보여준다.','/img/등/케이블_풀다운.webp','cTckQ2sXQPM','2024-05-14 10:48:02','2024-05-14 10:48:02',NULL,1),
	('덤벨 숄더프레스','어깨','어깨의 삼각근을 발달시키는 운동. 삼각근의 뒷면보다는 앞과 옆면쪽을 타겟팅한다.','/img/어깨/덤벨숄더프레스.png','6Jo5uCUOOy4','2024-05-14 10:48:02','2024-05-14 10:48:02',NULL,1),
	('벤트 오버 레터럴 레이즈','어깨','어깨의 뒷부분 후면을 자극하기에 가장 좋은 운동으로 몸을 숙이고 하는 팔을 옆으로 뻗는 운동.','/img/어깨/벤트오버레터럴레이즈.png','pRRlXqSY2Qc','2024-05-14 10:48:02','2024-05-14 10:48:02',NULL,1),
	('사이드 레터럴 레이즈','어깨','어깨를 낮추고 힘을 빼고, 덤벨을 든 손을 위로 올린다고 생각하지 말고 최대한 옆으로 멀리 보낸다는 생각을 하며 수행하면 승모근보다는 측면 삼각근에 제대로 자극을 먹일 수 있다','/img/어깨/사이드레터럴레이즈.png','1HhMAvo9zTg','2024-05-14 10:48:02','2024-05-14 10:48:02',NULL,1),
	('스미스 머신 숄더 프레스','어깨','코어 단련에 들어가는 에너지를 좀 더 삼각근의 움직임과 자극에 집중할 수 있게 해준다. 즉, 하체나 코어의 협응보다는 삼각근 발달 그 자체에 목적을 두는 운동이다.','/img/어깨/스미스_머신_숄더_프레스.png','UdWVe9bUVIk','2024-05-14 10:48:02','2024-05-14 10:48:02',NULL,1),
	('프런트 레이즈','어깨','원판을 앞으로 들어올리는 운동으로 전면 삼각근을 강화하기에 좋은 운동.','/img/어깨/프런트_레이즈.png','bM8dWCNkW8M','2024-05-14 10:48:02','2024-05-14 10:48:02',NULL,1),
	('스쿼트','전신','하체운동 중에서도 가장 에너지를 많이 소비하는 운동이라 체지방 감소에도 효과가 크다. 적은 중량으로 고반복을 하거나 아예 빈 봉 스쿼트, 혹은 맨몸으로 하면 인터벌 유산소 운동으로도 적격이다. 또한 대표적인 다관절 운동인 스쿼트 훈련을 통해 하체 근육 대부분에 자극을 줄 수 있으며 전체적인 근육의 성장을 이룰 수 있다. 또한 허리나 코어 근육에도 많은 도움이 된다.','/img/전신/스쿼트.png','JzfEeZ-WYKE','2024-05-14 10:48:02','2024-05-14 10:48:02',NULL,1),
	('풀업','전신','어떤 운동을 하든 등근육을 발달시키기 위해서는 반드시 들어가는 필수 동작으로 그 중요성과 효율성은 두말할 필요가 없는 그야말로 최고의 맨몸운동.','/img/전신/풀업.png','T-EZHtEx8Jw','2024-05-14 10:48:02','2024-05-14 10:48:02',NULL,1),
	('플랭크','전신','허리, 관절, 힘줄, 인대를 사용하지 않는 맨몸 운동의 일종으로써 땅과 몸만 있으면 어디서나 가능한 운동이다. 효과적인 코어/복근 운동이며, 허리디스크 재활 운동 안내에 거의 빠지지 않는 운동 ','/img/전신/플랭크.png','LVTJ26bbhUA','2024-05-14 10:48:02','2024-05-14 10:48:02',NULL,1),
	('덤벨컬','팔','아령(덤벨)을 들고 팔을 굽히는 운동이다. 주 타격부위는 이두근이며 보조로 삼각근 전면과 전완근이 쓰인다. 덤벨 컬은 양쪽 이두근의 균형잡힌 발달과 높은 범용성의 장점이 있다.','/img/팔/덤벨컬.png','2Tr67sP10QE','2024-05-14 10:48:02','2024-05-14 10:48:02',NULL,1),
	('바벨컬','팔','무산소 운동의 하나로 이두근을 키우는데 필수적인 운동이다. 일반적으로 바벨과 덤벨의 사용이 둘 다 가능한 운동들과 같이 바벨 컬도 덤벨 컬에 비해 더 많은 무게를 사용할 수 있기 때문에 이두근의 크기를 키우는데 더 유리하다.','/img/팔/바벨컬.png','TJmc476epeg','2024-05-14 10:48:02','2024-05-14 10:48:02',NULL,1),
	('리스트컬','팔','전완근 근육 향상을 목표로 팔뚝 굵기를 키우고 싶다거나 야구나 팔씨름 등의 훈련을 위해 하는 운동. ','/img/팔/리스트컬.webp','DwPA31mKiFI','2024-05-14 10:48:02','2024-05-14 10:48:02',NULL,1),
	('라잉트라이셉스 익스텐션','팔','무산소 운동의 하나로 삼두근과 전완근을 개발하는 운동. 팔 두께의 2/3를 차지하는 삼두근의 벌크 향상에 가장 효과적인 운동이기 때문에 굵은 팔을 만드는 데 큰 도움이 되는 운동 중 하나이다. 참고로 손목으로 버티기 때문에 전완근도 같이 된다.','/img/팔/라잉트라이셉스_익스텐션.webp','doVZ0vNnX3c','2024-05-14 10:48:02','2024-05-14 10:48:02',NULL,1),
	('레그익스텐션','하체','헬스장에서 쉽게 볼 수 있는 하체를 단련하기 위한 웨이트 트레이닝 운동. 대퇴직근에 타겟팅하는데 대퇴직근은 광근과 다르게 무릎을 펴는 역할 뿐만 아니라 대퇴골을 들어올리는 역할, 즉 고관절을 굴곡시키는 기능도 가지고 있기 때문에 수축할 때 허벅지를 들어 올린다는 느낌으로 수축시키고, 내릴 때 살짝 골반을 들어서 최대 이완을 유도하면 대퇴직근에 강한 자극을 느낄 수 있다.','/img/하체/레그익스텐션.png','MpdQ2S_G0J8','2024-05-14 10:48:02','2024-05-14 10:48:02',NULL,1),
	('레그컬','하체','업드린 채 다리를 굽혀 운동하는 웨이트 트레이닝의 한 종류이다. 주동근은 햄스트링이며, 보조근은 대퇴 사두근 등이다.','/img/하체/레그컬.png','fJtfxLTyml0','2024-05-14 10:48:02','2024-05-14 10:48:02',NULL,1),
	('레그프레스','하체','머신을 이용하여 사선 방향으로 고중량의 무게를 밀어내는 하체 운동의 한 종류. 초보자가 해도 비교적 높은 중량을 다루는 게 가능한 운동인데, 무릎 관절에 하중이 많이 실리기에 운동 시 각별한 주의를 요한다. ','/img/하체/레그프레스.png','FcHwWI2sulg','2024-05-14 10:48:02','2024-05-14 10:48:02',NULL,1),
	('힙어덕션','하체','저항 운동으로 타깃 근육으로 무게를 저항하면서 하는 운동이다. 머신의 쿠션쪽 방향에 따라서 내전근을 운동할건지 대둔근을 운동할건지 결정이 된다.','/img/하체/힙어덕션.png','IIz-inQQU5U','2024-05-14 10:48:02','2024-05-14 10:48:02',NULL,1);

INSERT INTO `food` VALUES (1,'국밥','main_dish',NULL,418,'2024-05-22 16:26:15','2024-05-22 16:26:15',NULL,2),(2,'농어초밥','main_dish',NULL,396,'2024-05-22 16:26:15','2024-05-22 16:26:15',NULL,2),(3,'돼지국밥','main_dish',NULL,911,'2024-05-22 16:26:15','2024-05-22 16:26:15',NULL,2),(4,'류산슬덮밥','main_dish',NULL,574,'2024-05-22 16:26:15','2024-05-22 16:26:15',NULL,2), (5,'멍게비빔밥','main_dish',NULL,547,'2024-05-22 16:26:15','2024-05-22 16:26:15',NULL,2),(6,'멸치주먹밥','main_dish',NULL,312,'2024-05-22 16:26:15','2024-05-22 16:26:15',NULL,2),(7,'묵밥','main_dish',NULL,642,'2024-05-22 16:26:15','2024-05-22 16:26:15',NULL,2),(8,'문어초밥','main_dish',NULL,392,'2024-05-22 16:26:15','2024-05-22 16:26:15',NULL,2),(9,'비빔밥','main_dish',NULL,691,'2024-05-22 16:26:15','2024-05-22 16:26:15',NULL,2),(10,'삼선볶음밥','main_dish',NULL,686,'2024-05-22 16:26:15','2024-05-22 16:26:15',NULL,2),(11,'새우초밥','main_dish',NULL,387,'2024-05-22 16:26:15','2024-05-22 16:26:15',NULL,2),(12,'새우튀김롤','main_dish',NULL,606,'2024-05-22 16:26:15','2024-05-22 16:26:15',NULL,2),(13,'샐러드김밥','main_dish',NULL,405,'2024-05-22 16:26:15','2024-05-22 16:26:15',NULL,2),(14,'생선초밥(광어)','main_dish',NULL,453,'2024-05-22 16:26:15','2024-05-22 16:26:15',NULL,2),(15,'생선초밥(모듬)','main_dish',NULL,461,'2024-05-22 16:26:15','2024-05-22 16:26:15',NULL,2),(16,'소고기국밥','main_dish',NULL,330,'2024-05-22 16:26:15','2024-05-22 16:26:15',NULL,2),(17,'소고기김밥','main_dish',NULL,400,'2024-05-22 16:26:15','2024-05-22 16:26:15',NULL,2),(18,'송이덮밥','main_dish',NULL,581,'2024-05-22 16:26:15','2024-05-22 16:26:15',NULL,2),(19,'숯불갈비 삼각김밥','main_dish',NULL,161,'2024-05-22 16:26:15','2024-05-22 16:26:15',NULL,2),(20,'약초비빔밥','main_dish',NULL,511,'2024-05-22 16:26:15','2024-05-22 16:26:15',NULL,2),(21,'연어롤','main_dish',NULL,510,'2024-05-22 16:26:15','2024-05-22 16:26:15',NULL,2),(22,'연어초밥','main_dish',NULL,47,'2024-05-22 16:26:15','2024-05-22 16:26:15',NULL,2),(23,'오곡밥','main_dish',NULL,388,'2024-05-22 16:26:15','2024-05-22 16:26:15',NULL,2),(24,'자장밥','main_dish',NULL,741,'2024-05-22 16:26:15','2024-05-22 16:26:15',NULL,2),(25,'잡탕밥','main_dish',NULL,777,'2024-05-22 16:26:15','2024-05-22 16:26:15',NULL,2),(26,'장어덮밥','main_dish',NULL,716,'2024-05-22 16:26:15','2024-05-22 16:26:15',NULL,2),(27,'장어초밥','main_dish',NULL,486,'2024-05-22 16:26:15','2024-05-22 16:26:15',NULL,2),(28,'참치덮밥','main_dish',NULL,679,'2024-05-22 16:26:15','2024-05-22 16:26:15',NULL,2),(29,'참치마요네즈 삼각김밥','main_dish',NULL,172,'2024-05-22 16:26:15','2024-05-22 16:26:15',NULL,2),(30,'충무김밥','main_dish',NULL,583,'2024-05-22 16:26:15','2024-05-22 16:26:15',NULL,2),(31,'캘리포니아롤','main_dish',NULL,487,'2024-05-22 16:26:15','2024-05-22 16:26:15',NULL,2),(32,'한치초밥','main_dish',NULL,374,'2024-05-22 16:26:15','2024-05-22 16:26:15',NULL,2),(33,'해물덮밥','main_dish',NULL,771,'2024-05-22 16:26:15','2024-05-22 16:26:15',NULL,2),(34,'해물볶음밥','main_dish',NULL,705,'2024-05-22 16:26:15','2024-05-22 16:26:15',NULL,2),(35,'회덮밥','main_dish',NULL,683,'2024-05-22 16:26:15','2024-05-22 16:26:15',NULL,2),(36,'치킨퐁듀 그라탕','main_dish',NULL,370,'2024-05-22 16:26:15','2024-05-22 16:26:15',NULL,2),(37,'트러플 리조또','main_dish',NULL,121,'2024-05-22 16:26:15','2024-05-22 16:26:15',NULL,2),(38,'BBQ갈비라이스','main_dish',NULL,567,'2024-05-22 16:26:15','2024-05-22 16:26:15',NULL,2),(39,'베이컨 크림리조또','main_dish',NULL,567,'2024-05-22 16:26:15','2024-05-22 16:26:15',NULL,2),(40,'새우리조또','main_dish',NULL,545,'2024-05-22 16:26:15','2024-05-22 16:26:15',NULL,2),(41,'낙지리조또','main_dish',NULL,574,'2024-05-22 16:26:15','2024-05-22 16:26:15',NULL,2),(42,'콘치즈그라탕','main_dish',NULL,365,'2024-05-22 16:26:15','2024-05-22 16:26:15',NULL,2),(43,'불고기 크림 리소토','main_dish',NULL,410,'2024-05-22 16:26:15','2024-05-22 16:26:15',NULL,2),(44,'클래식 햄 로제 리소토','main_dish',NULL,510,'2024-05-22 16:26:15','2024-05-22 16:26:15',NULL,2),(45,'유기쌀로만든햇살밥','main_dish',NULL,325,'2024-05-22 16:26:15','2024-05-22 16:26:15',NULL,2),(46,'간편곤드레나물밥','main_dish',NULL,415,'2024-05-22 16:26:15','2024-05-22 16:26:15',NULL,2),(47,'구궁가마솥연잎찰밥','main_dish',NULL,400,'2024-05-22 16:26:15','2024-05-22 16:26:15',NULL,2),(48,'새우볶음밥','main_dish',NULL,325,'2024-05-22 16:26:15','2024-05-22 16:26:15',NULL,2),(49,'잡채볶음밥','main_dish',NULL,360,'2024-05-22 16:26:15','2024-05-22 16:26:15',NULL,2),(50,'짜장컵밥','main_dish',NULL,360,'2024-05-22 16:26:15','2024-05-22 16:26:15',NULL,2),(51,'치킨데리야끼볶음밥','main_dish',NULL,415,'2024-05-22 16:26:15','2024-05-22 16:26:15',NULL,2),(52,'카레컵밥','main_dish',NULL,360,'2024-05-22 16:26:15','2024-05-22 16:26:15',NULL,2),(53,'치킨 크림 리조또','main_dish',NULL,454,'2024-05-22 16:26:15','2024-05-22 16:26:15',NULL,2),(54,'스파이시 씨푸드 리조또','main_dish',NULL,361,'2024-05-22 16:26:15','2024-05-22 16:26:15',NULL,2),(55,'로제 펜네 그라탕','main_dish',NULL,383,'2024-05-22 16:26:15','2024-05-22 16:26:15',NULL,2),(56,'쏘야그라탕(소세지야채)','main_dish',NULL,306,'2024-05-22 16:26:15','2024-05-22 16:26:15',NULL,2),(57,'검정콩밥','main_dish',NULL,330,'2024-05-22 16:26:15','2024-05-22 16:26:15',NULL,2),(58,'계란볶음밥','main_dish',NULL,84,'2024-05-22 16:26:15','2024-05-22 16:26:15',NULL,2),(59,'고추김밥','main_dish',NULL,490,'2024-05-22 16:26:15','2024-05-22 16:26:15',NULL,2),(60,'기장밥','main_dish',NULL,331,'2024-05-22 16:26:15','2024-05-22 16:26:15',NULL,2),(61,'김밥','main_dish',NULL,322,'2024-05-22 16:26:15','2024-05-22 16:26:15',NULL,2),(62,'김치김밥','main_dish',NULL,351,'2024-05-22 16:26:15','2024-05-22 16:26:15',NULL,2),(63,'김치볶음밥','main_dish',NULL,550,'2024-05-22 16:26:15','2024-05-22 16:26:15',NULL,2),(64,'낙지덮밥','main_dish',NULL,525,'2024-05-22 16:26:15','2024-05-22 16:26:15',NULL,2),(65,'날치알김밥','main_dish',NULL,461,'2024-05-22 16:26:15','2024-05-22 16:26:15',NULL,2),(66,'닭고기덮밥','main_dish',NULL,510,'2024-05-22 16:26:15','2024-05-22 16:26:15',NULL,2),(67,'돈까스김밥','main_dish',NULL,646,'2024-05-22 16:26:15','2024-05-22 16:26:15',NULL,2),(68,'돌솥비빔밥','main_dish',NULL,558,'2024-05-22 16:26:15','2024-05-22 16:26:15',NULL,2),(69,'돼지머리국밥	 ','main_dish',NULL,1233,'2024-05-22 16:26:15','2024-05-22 16:26:15',NULL,2),(70,'모듬회덮밥','main_dish',NULL,593,'2024-05-22 16:26:15','2024-05-22 16:26:15',NULL,2),(71,'무밥','main_dish',NULL,266,'2024-05-22 16:26:15','2024-05-22 16:26:15',NULL,2),(72,'보리밥','main_dish',NULL,321,'2024-05-22 16:26:15','2024-05-22 16:26:15',NULL,2),(73,'볶음밥','main_dish',NULL,640,'2024-05-22 16:26:15','2024-05-22 16:26:15',NULL,2),(74,'불고기덮밥','main_dish',NULL,728,'2024-05-22 16:26:15','2024-05-22 16:26:15',NULL,2),(75,'비빔밥','main_dish',NULL,637,'2024-05-22 16:26:15','2024-05-22 16:26:15',NULL,2),(76,'새우볶음밥','main_dish',NULL,635,'2024-05-22 16:26:15','2024-05-22 16:26:15',NULL,2),(77,'생선모듬초밥','main_dish',NULL,607,'2024-05-22 16:26:15','2024-05-22 16:26:15',NULL,2),(78,'소머리국밥','main_dish',NULL,239,'2024-05-22 16:26:15','2024-05-22 16:26:15',NULL,2),(79,'쇠고기김밥','main_dish',NULL,447,'2024-05-22 16:26:15','2024-05-22 16:26:15',NULL,2),(80,'쇠고기볶음밥','main_dish',NULL,456,'2024-05-22 16:26:15','2024-05-22 16:26:15',NULL,2),(81,'쇠고기주먹밥','main_dish',NULL,355,'2024-05-22 16:26:15','2024-05-22 16:26:15',NULL,2),(82,'수수밥','main_dish',NULL,321,'2024-05-22 16:26:15','2024-05-22 16:26:15',NULL,2),(83,'순대국밥','main_dish',NULL,673,'2024-05-22 16:26:15','2024-05-22 16:26:15',NULL,2),(84,'알밥','main_dish',NULL,422,'2024-05-22 16:26:15','2024-05-22 16:26:15',NULL,2),(85,'영양돌솥밥','main_dish',NULL,643,'2024-05-22 16:26:15','2024-05-22 16:26:15',NULL,2),(86,'오므라이스','main_dish',NULL,692,'2024-05-22 16:26:15','2024-05-22 16:26:15',NULL,2),(87,'오징어덮밥','main_dish',NULL,484,'2024-05-22 16:26:15','2024-05-22 16:26:15',NULL,2),(88,'완두콩밥','main_dish',NULL,276,'2024-05-22 16:26:15','2024-05-22 16:26:15',NULL,2),(89,'유부초밥','main_dish',NULL,388,'2024-05-22 16:26:15','2024-05-22 16:26:15',NULL,2),(90,'육회비빔밥','main_dish',NULL,442,'2024-05-22 16:26:15','2024-05-22 16:26:15',NULL,2),(91,'잡곡밥','main_dish',NULL,292,'2024-05-22 16:26:15','2024-05-22 16:26:15',NULL,2),(92,'잡채밥','main_dish',NULL,825,'2024-05-22 16:26:15','2024-05-22 16:26:15',NULL,2),(93,'제육덮밥','main_dish',NULL,949,'2024-05-22 16:26:15','2024-05-22 16:26:15',NULL,2),(94,'짜장밥','main_dish',NULL,572,'2024-05-22 16:26:15','2024-05-22 16:26:15',NULL,2),(95,'짬뽕밥','main_dish',NULL,647,'2024-05-22 16:26:15','2024-05-22 16:26:15',NULL,2),(96,'차조밥','main_dish',NULL,313,'2024-05-22 16:26:15','2024-05-22 16:26:15',NULL,2),(97,'찰밥','main_dish',NULL,429,'2024-05-22 16:26:15','2024-05-22 16:26:15',NULL,2),(98,'참치김밥','main_dish',NULL,435,'2024-05-22 16:26:15','2024-05-22 16:26:15',NULL,2),(99,'참치마요삼각김밥','main_dish',NULL,398,'2024-05-22 16:26:15','2024-05-22 16:26:15',NULL,2),(100,'참치볶음밥','main_dish',NULL,412,'2024-05-22 16:26:15','2024-05-22 16:26:15',NULL,2),(101,'채소김밥','main_dish',NULL,442,'2024-05-22 16:26:15','2024-05-22 16:26:15',NULL,2),(102,'채소볶음밥','main_dish',NULL,474,'2024-05-22 16:26:15','2024-05-22 16:26:15',NULL,2),(103,'치즈김밥','main_dish',NULL,476,'2024-05-22 16:26:15','2024-05-22 16:26:15',NULL,2),(104,'카레라이스','main_dish',NULL,518,'2024-05-22 16:26:15','2024-05-22 16:26:15',NULL,2),(105,'콩나물국밥','main_dish',NULL,403,'2024-05-22 16:26:15','2024-05-22 16:26:15',NULL,2),(106,'콩나물밥','main_dish',NULL,392,'2024-05-22 16:26:15','2024-05-22 16:26:15',NULL,2),(107,'팥밥','main_dish',NULL,286,'2024-05-22 16:26:15','2024-05-22 16:26:15',NULL,2),(108,'표고버섯볶음밥','main_dish',NULL,551,'2024-05-22 16:26:15','2024-05-22 16:26:15',NULL,2),(109,'하이라이스','main_dish',NULL,401,'2024-05-22 16:26:15','2024-05-22 16:26:15',NULL,2),(110,'현미밥','main_dish',NULL,396,'2024-05-22 16:26:15','2024-05-22 16:26:15',NULL,2),(111,'흑미밥','main_dish',NULL,348,'2024-05-22 16:26:15','2024-05-22 16:26:15',NULL,2),(112,'게국지','main_dish',NULL,415,'2024-05-22 16:26:15','2024-05-22 16:26:15',NULL,2),(113,'곰치국','main_dish',NULL,419,'2024-05-22 16:26:15','2024-05-22 16:26:15',NULL,2),(114,'굴국밥','main_dish',NULL,683,'2024-05-22 16:26:15','2024-05-22 16:26:15',NULL,2),(115,'김치국','main_dish',NULL,89,'2024-05-22 16:26:15','2024-05-22 16:26:15',NULL,2),(116,'떡만둣국','main_dish',NULL,624,'2024-05-22 16:26:15','2024-05-22 16:26:15',NULL,2),(117,'만둣국','main_dish',NULL,434,'2024-05-22 16:26:15','2024-05-22 16:26:15',NULL,2),(118,'맑은감자국','main_dish',NULL,221,'2024-05-22 16:26:15','2024-05-22 16:26:15',NULL,2),(119,'매생이국	','main_dish',NULL,119,'2024-05-22 16:26:15','2024-05-22 16:26:15',NULL,2),(120,'무된장국	','main_dish',NULL,104,'2024-05-22 16:26:15','2024-05-22 16:26:15',NULL,2),(121,'미소된장국','main_dish',NULL,38,'2024-05-22 16:26:15','2024-05-22 16:26:15',NULL,2),(122,'바지락조개국	','main_dish',NULL,157,'2024-05-22 16:26:15','2024-05-22 16:26:15',NULL,2),(123,'뼈다귀해장국	','main_dish',NULL,714,'2024-05-22 16:26:15','2024-05-22 16:26:15',NULL,2),(124,'선지해장국','main_dish',NULL,312,'2024-05-22 16:26:15','2024-05-22 16:26:15',NULL,2),(125,'소고기무국','main_dish',NULL,123,'2024-05-22 16:26:15','2024-05-22 16:26:15',NULL,2),(126,'소고기미역국','main_dish',NULL,151,'2024-05-22 16:26:15','2024-05-22 16:26:15',NULL,2),(127,'순대국','main_dish',NULL,540,'2024-05-22 16:26:15','2024-05-22 16:26:15',NULL,2),(128,'시래기된장국','main_dish',NULL,99,'2024-05-22 16:26:15','2024-05-22 16:26:15',NULL,2),(129,'올갱이국','main_dish',NULL,144,'2024-05-22 16:26:15','2024-05-22 16:26:15',NULL,2),(130,'우거지해장국','main_dish',NULL,154,'2024-05-22 16:26:15','2024-05-22 16:26:15',NULL,2),(131,'우렁된장국','main_dish',NULL,245,'2024-05-22 16:26:15','2024-05-22 16:26:15',NULL,2),(132,'탕국','main_dish',NULL,92,'2024-05-22 16:26:15','2024-05-22 16:26:15',NULL,2),(133,'홍합미역국','main_dish',NULL,167,'2024-05-22 16:26:15','2024-05-22 16:26:15',NULL,2),(134,'황태해장국','main_dish',NULL,181,'2024-05-22 16:26:15','2024-05-22 16:26:15',NULL,2),(135,'미역국컵밥','main_dish',NULL,300,'2024-05-22 16:26:15','2024-05-22 16:26:15',NULL,2),(136,'성게알미역국','main_dish',NULL,90,'2024-05-22 16:26:15','2024-05-22 16:26:15',NULL,2),(137,'시래기된장국','main_dish',NULL,100,'2024-05-22 16:26:15','2024-05-22 16:26:15',NULL,2),(138,'육개장','main_dish',NULL,250,'2024-05-22 16:26:15','2024-05-22 16:26:15',NULL,2),(139,'황태국컵밥','main_dish',NULL,325,'2024-05-22 16:26:15','2024-05-22 16:26:15',NULL,2),(140,'감자된장국','main_dish',NULL,98,'2024-05-22 16:26:15','2024-05-22 16:26:15',NULL,2),(141,'감잣국','main_dish',NULL,82,'2024-05-22 16:26:15','2024-05-22 16:26:15',NULL,2),(142,'굴무국','main_dish',NULL,123,'2024-05-22 16:26:15','2024-05-22 16:26:15',NULL,2),(143,'근대된장국','main_dish',NULL,38,'2024-05-22 16:26:15','2024-05-22 16:26:15',NULL,2),(144,'김치콩나물국','main_dish',NULL,48,'2024-05-22 16:26:15','2024-05-22 16:26:15',NULL,2),(145,'김칫국','main_dish',NULL,90,'2024-05-22 16:26:15','2024-05-22 16:26:15',NULL,2),(146,'냉이된장국','main_dish',NULL,86,'2024-05-22 16:26:15','2024-05-22 16:26:15',NULL,2),(147,'달걀국','main_dish',NULL,52,'2024-05-22 16:26:15','2024-05-22 16:26:15',NULL,2),(148,'대합미역국','main_dish',NULL,44,'2024-05-22 16:26:15','2024-05-22 16:26:15',NULL,2),(149,'동태국','main_dish',NULL,66,'2024-05-22 16:26:15','2024-05-22 16:26:15',NULL,2),(150,'메밀묵국','main_dish',NULL,87,'2024-05-22 16:26:15','2024-05-22 16:26:15',NULL,2),(151,'무시래기된장국','main_dish',NULL,61,'2024-05-22 16:26:15','2024-05-22 16:26:15',NULL,2),(152,'미역국','main_dish',NULL,46,'2024-05-22 16:26:15','2024-05-22 16:26:15',NULL,2),(153,'미역냉국','main_dish',NULL,128,'2024-05-22 16:26:15','2024-05-22 16:26:15',NULL,2),(154,'미역된장국','main_dish',NULL,96,'2024-05-22 16:26:15','2024-05-22 16:26:15',NULL,2),(155,'미역오이냉국','main_dish',NULL,21,'2024-05-22 16:26:15','2024-05-22 16:26:15',NULL,2),(156,'배추된장국','main_dish',NULL,79,'2024-05-22 16:26:15','2024-05-22 16:26:15',NULL,2),(157,'북엇국','main_dish',NULL,111,'2024-05-22 16:26:15','2024-05-22 16:26:15',NULL,2),(158,'뼈해장국','main_dish',NULL,206,'2024-05-22 16:26:15','2024-05-22 16:26:15',NULL,2),(159,'사골국','main_dish',NULL,220,'2024-05-22 16:26:15','2024-05-22 16:26:15',NULL,2),(160,'새우미역국','main_dish',NULL,63,'2024-05-22 16:26:15','2024-05-22 16:26:15',NULL,2),(161,'선짓국','main_dish',NULL,173,'2024-05-22 16:26:15','2024-05-22 16:26:15',NULL,2),(162,'쇠고기무국','main_dish',NULL,61,'2024-05-22 16:26:15','2024-05-22 16:26:15',NULL,2),(163,'쇠고기미역국','main_dish',NULL,52,'2024-05-22 16:26:15','2024-05-22 16:26:15',NULL,2),(164,'쇠고기배추국','main_dish',NULL,62,'2024-05-22 16:26:15','2024-05-22 16:26:15',NULL,2),(165,'순댓국','main_dish',NULL,509,'2024-05-22 16:26:15','2024-05-22 16:26:15',NULL,2),(166,'시금치된장국','main_dish',NULL,37,'2024-05-22 16:26:15','2024-05-22 16:26:15',NULL,2),(167,'쑥된장국','main_dish',NULL,60,'2024-05-22 16:26:15','2024-05-22 16:26:15',NULL,2),(168,'아욱된장국','main_dish',NULL,81,'2024-05-22 16:26:15','2024-05-22 16:26:15',NULL,2),(169,'애호박된장국','main_dish',NULL,122,'2024-05-22 16:26:15','2024-05-22 16:26:15',NULL,2),(170,'어묵국','main_dish',NULL,106,'2024-05-22 16:26:15','2024-05-22 16:26:15',NULL,2),(171,'얼갈이배춧국','main_dish',NULL,36,'2024-05-22 16:26:15','2024-05-22 16:26:15',NULL,2),(172,'오이냉국','main_dish',NULL,38,'2024-05-22 16:26:15','2024-05-22 16:26:15',NULL,2),(173,'오징어국','main_dish',NULL,91,'2024-05-22 16:26:15','2024-05-22 16:26:15',NULL,2),(174,'우거지된장국','main_dish',NULL,78,'2024-05-22 16:26:15','2024-05-22 16:26:15',NULL,2),(175,'일본된장국','main_dish',NULL,20,'2024-05-22 16:26:15','2024-05-22 16:26:15',NULL,2),(176,'재첩국','main_dish',NULL,81,'2024-05-22 16:26:15','2024-05-22 16:26:15',NULL,2),(177,'조갯국','main_dish',NULL,62,'2024-05-22 16:26:15','2024-05-22 16:26:15',NULL,2),(178,'콩나물국','main_dish',NULL,24,'2024-05-22 16:26:15','2024-05-22 16:26:15',NULL,2),(179,'콩나물된장국','main_dish',NULL,123,'2024-05-22 16:26:15','2024-05-22 16:26:15',NULL,2),(180,'토란국','main_dish',NULL,62,'2024-05-22 16:26:15','2024-05-22 16:26:15',NULL,2),(181,'해물된장국','main_dish',NULL,111,'2024-05-22 16:26:15','2024-05-22 16:26:15',NULL,2),(182,'호박잎된장국','main_dish',NULL,23,'2024-05-22 16:26:15','2024-05-22 16:26:15',NULL,2),(183,'홍합무국','main_dish',NULL,87,'2024-05-22 16:26:15','2024-05-22 16:26:15',NULL,2),(184,'떡국','main_dish',NULL,588,'2024-05-22 16:26:15','2024-05-22 16:26:15',NULL,2),(185,'떡만두국','main_dish',NULL,666,'2024-05-22 16:26:15','2024-05-22 16:26:15',NULL,2),(186,'사골만두국','main_dish',NULL,606,'2024-05-22 16:26:15','2024-05-22 16:26:15',NULL,2),(187,'고등어찌개','main_dish',NULL,601,'2024-05-22 16:26:15','2024-05-22 16:26:15',NULL,2),(188,'김치찌개','main_dish',NULL,243,'2024-05-22 16:26:15','2024-05-22 16:26:15',NULL,2),(189,'꽁치찌개','main_dish',NULL,355,'2024-05-22 16:26:15','2024-05-22 16:26:15',NULL,2),(190,'두부전골','main_dish',NULL,315,'2024-05-22 16:26:15','2024-05-22 16:26:15',NULL,2),(191,'버섯찌개','main_dish',NULL,167,'2024-05-22 16:26:15','2024-05-22 16:26:15',NULL,2),(192,'부대찌개','main_dish',NULL,399,'2024-05-22 16:26:15','2024-05-22 16:26:15',NULL,2),(193,'새우젓두부찌개','main_dish',NULL,166,'2024-05-22 16:26:15','2024-05-22 16:26:15',NULL,2),(194,'소곱창전골','main_dish',NULL,529,'2024-05-22 16:26:15','2024-05-22 16:26:15',NULL,2),(195,'햄김치찌개','main_dish',NULL,189,'2024-05-22 16:26:15','2024-05-22 16:26:15',NULL,2),(196,'호박찌개','main_dish',NULL,95,'2024-05-22 16:26:15','2024-05-22 16:26:15',NULL,2),(197,'묵은지찌개','main_dish',NULL,70,'2024-05-22 16:26:15','2024-05-22 16:26:15',NULL,2),(198,'우렁된장찌개','main_dish',NULL,120,'2024-05-22 16:26:15','2024-05-22 16:26:15',NULL,2),(199,'청국장찌개','main_dish',NULL,240,'2024-05-22 16:26:15','2024-05-22 16:26:15',NULL,2),(200,'콩비지찌개','main_dish',NULL,640,'2024-05-22 16:26:15','2024-05-22 16:26:15',NULL,2),(201,'갈치찌개','main_dish',NULL,94,'2024-05-22 16:26:15','2024-05-22 16:26:15',NULL,2),(202,'감자탕','main_dish',NULL,375,'2024-05-22 16:26:15','2024-05-22 16:26:15',NULL,2),(203,'김치전골','main_dish',NULL,197,'2024-05-22 16:26:15','2024-05-22 16:26:15',NULL,2),(204,'꽁치김치찌개','main_dish',NULL,241,'2024-05-22 16:26:15','2024-05-22 16:26:15',NULL,2),(205,'꽃게탕','main_dish',NULL,101,'2024-05-22 16:26:15','2024-05-22 16:26:15',NULL,2),(206,'낙지전골','main_dish',NULL,153,'2024-05-22 16:26:15','2024-05-22 16:26:15',NULL,2),(207,'내장탕','main_dish',NULL,423,'2024-05-22 16:26:15','2024-05-22 16:26:15',NULL,2),(208,'냉이된장찌개','main_dish',NULL,66,'2024-05-22 16:26:15','2024-05-22 16:26:15',NULL,2),(209,'달래된장찌개','main_dish',NULL,122,'2024-05-22 16:26:15','2024-05-22 16:26:15',NULL,2),(210,'닭볶음탕','main_dish',NULL,332,'2024-05-22 16:26:15','2024-05-22 16:26:15',NULL,2),(211,'대구 매운탕','main_dish',NULL,134,'2024-05-22 16:26:15','2024-05-22 16:26:15',NULL,2),(212,'동태찌개','main_dish',NULL,87,'2024-05-22 16:26:15','2024-05-22 16:26:15',NULL,2),(213,'돼지고기김치찌개','main_dish',NULL,90,'2024-05-22 16:26:15','2024-05-22 16:26:15',NULL,2),(214,'돼지고기찌개','main_dish',NULL,143,'2024-05-22 16:26:15','2024-05-22 16:26:15',NULL,2),(215,'된장찌개','main_dish',NULL,91,'2024-05-22 16:26:15','2024-05-22 16:26:15',NULL,2),(216,'두부고추장찌개','main_dish',NULL,261,'2024-05-22 16:26:15','2024-05-22 16:26:15',NULL,2),(217,'두부된장찌개','main_dish',NULL,110,'2024-05-22 16:26:15','2024-05-22 16:26:15',NULL,2),(218,'두부쇠고기고추장찌개','main_dish',NULL,162,'2024-05-22 16:26:15','2024-05-22 16:26:15',NULL,2),(219,'두부애호박된장찌개','main_dish',NULL,189,'2024-05-22 16:26:15','2024-05-22 16:26:15',NULL,2),(220,'버섯샤브샤브','main_dish',NULL,104,'2024-05-22 16:26:15','2024-05-22 16:26:15',NULL,2),(221,'버섯전골','main_dish',NULL,233,'2024-05-22 16:26:15','2024-05-22 16:26:15',NULL,2),(222,'부대찌개','main_dish',NULL,737,'2024-05-22 16:26:15','2024-05-22 16:26:15',NULL,2),(223,'쇠고기 샤브샤브','main_dish',NULL,259,'2024-05-22 16:26:15','2024-05-22 16:26:15',NULL,2),(224,'쇠고기된장찌개','main_dish',NULL,163,'2024-05-22 16:26:15','2024-05-22 16:26:15',NULL,2),(225,'쇠고기전골','main_dish',NULL,187,'2024-05-22 16:26:15','2024-05-22 16:26:15',NULL,2),(226,'순두부김치찌개','main_dish',NULL,69,'2024-05-22 16:26:15','2024-05-22 16:26:15',NULL,2),(227,'순두부찌개','main_dish',NULL,85,'2024-05-22 16:26:15','2024-05-22 16:26:15',NULL,2),(228,'알탕','main_dish',NULL,203,'2024-05-22 16:26:15','2024-05-22 16:26:15',NULL,2),(229,'어묵김치찌개','main_dish',NULL,98,'2024-05-22 16:26:15','2024-05-22 16:26:15',NULL,2),(230,'오리백숙','main_dish',NULL,335,'2024-05-22 16:26:15','2024-05-22 16:26:15',NULL,2),(231,'오리탕','main_dish',NULL,728,'2024-05-22 16:26:15','2024-05-22 16:26:15',NULL,2),(232,'오징어찌개','main_dish',NULL,85,'2024-05-22 16:26:15','2024-05-22 16:26:15',NULL,2),(233,'장어탕','main_dish',NULL,536,'2024-05-22 16:26:15','2024-05-22 16:26:15',NULL,2),(234,'조개된장찌개','main_dish',NULL,68,'2024-05-22 16:26:15','2024-05-22 16:26:15',NULL,2),(235,'참치김치찌개','main_dish',NULL,154,'2024-05-22 16:26:15','2024-05-22 16:26:15',NULL,2),(236,'청국장찌개','main_dish',NULL,93,'2024-05-22 16:26:15','2024-05-22 16:26:15',NULL,2),(237,'추어탕','main_dish',NULL,188,'2024-05-22 16:26:15','2024-05-22 16:26:15',NULL,2),(238,'콩나물된장찌개','main_dish',NULL,146,'2024-05-22 16:26:15','2024-05-22 16:26:15',NULL,2),(239,'콩비지찌개','main_dish',NULL,275,'2024-05-22 16:26:15','2024-05-22 16:26:15',NULL,2),(240,'해물매운탕','main_dish',NULL,211,'2024-05-22 16:26:15','2024-05-22 16:26:15',NULL,2),(241,'햄 김치찌개','main_dish',NULL,93,'2024-05-22 16:26:15','2024-05-22 16:26:15',NULL,2),(242,'호박고추장찌개','main_dish',NULL,115,'2024-05-22 16:26:15','2024-05-22 16:26:15',NULL,2),(243,'대구찜','side_dish',NULL,376,'2024-05-22 16:26:15','2024-05-22 16:26:15',NULL,2),(244,'도미찜','side_dish',NULL,125,'2024-05-22 16:26:15','2024-05-22 16:26:15',NULL,2),(245,'동태찜','side_dish',NULL,394,'2024-05-22 16:26:15','2024-05-22 16:26:15',NULL,2),(246,'돼지등갈비찜','side_dish',NULL,961,'2024-05-22 16:26:15','2024-05-22 16:26:15',NULL,2),(247,'돼지머리고기','side_dish',NULL,650,'2024-05-22 16:26:15','2024-05-22 16:26:15',NULL,2),(248,'매운갈비찜','side_dish',NULL,517,'2024-05-22 16:26:15','2024-05-22 16:26:15',NULL,2),(249,'문어숙회','side_dish',NULL,66,'2024-05-22 16:26:15','2024-05-22 16:26:15',NULL,2),(250,'민어찜','side_dish',NULL,136,'2024-05-22 16:26:15','2024-05-22 16:26:15',NULL,2),(251,'병어찜','side_dish',NULL,179,'2024-05-22 16:26:15','2024-05-22 16:26:15',NULL,2),(252,'북어찜','side_dish',NULL,235,'2024-05-22 16:26:15','2024-05-22 16:26:15',NULL,2),(253,'붕어찜','side_dish',NULL,835,'2024-05-22 16:26:15','2024-05-22 16:26:15',NULL,2),(254,'소갈비찜','side_dish',NULL,494,'2024-05-22 16:26:15','2024-05-22 16:26:15',NULL,2),(255,'순대','side_dish',NULL,542,'2024-05-22 16:26:15','2024-05-22 16:26:15',NULL,2),(256,'아구찜','side_dish',NULL,310,'2024-05-22 16:26:15','2024-05-22 16:26:15',NULL,2),(257,'아구찜','side_dish',NULL,492,'2024-05-22 16:26:15','2024-05-22 16:26:15',NULL,2),(258,'안동찜닭	','side_dish',NULL,1364,'2024-05-22 16:26:15','2024-05-22 16:26:15',NULL,2),(259,'전어찜','side_dish',NULL,278,'2024-05-22 16:26:15','2024-05-22 16:26:15',NULL,2),(260,'조기찜','side_dish',NULL,182,'2024-05-22 16:26:15','2024-05-22 16:26:15',NULL,2),(261,'참꼬막','side_dish',NULL,90,'2024-05-22 16:26:15','2024-05-22 16:26:15',NULL,2),(262,'한방오리백숙','side_dish',NULL,469,'2024-05-22 16:26:15','2024-05-22 16:26:15',NULL,2),(263,'해물찜','side_dish',NULL,400,'2024-05-22 16:26:15','2024-05-22 16:26:15',NULL,2),(264,'홍어찜','side_dish',NULL,202,'2024-05-22 16:26:15','2024-05-22 16:26:15',NULL,2),(265,'돼지갈비찜','side_dish',NULL,830,'2024-05-22 16:26:15','2024-05-22 16:26:15',NULL,2),(266,'가오리찜','side_dish',NULL,204,'2024-05-22 16:26:15','2024-05-22 16:26:15',NULL,2),(267,'깻잎찜','side_dish',NULL,97,'2024-05-22 16:26:15','2024-05-22 16:26:15',NULL,2),(268,'꼬막찜','side_dish',NULL,192,'2024-05-22 16:26:15','2024-05-22 16:26:15',NULL,2),(269,'꽈리고추찜','side_dish',NULL,103,'2024-05-22 16:26:15','2024-05-22 16:26:15',NULL,2),(270,'달걀찜(우유)','side_dish',NULL,209,'2024-05-22 16:26:15','2024-05-22 16:26:15',NULL,2),(271,'달걀찜','side_dish',NULL,116,'2024-05-22 16:26:15','2024-05-22 16:26:15',NULL,2),(272,'닭찜','side_dish',NULL,320,'2024-05-22 16:26:15','2024-05-22 16:26:15',NULL,2),(273,'돼지갈비찜','side_dish',NULL,581,'2024-05-22 16:26:15','2024-05-22 16:26:15',NULL,2),(274,'돼지고기 수육','side_dish',NULL,936,'2024-05-22 16:26:15','2024-05-22 16:26:15',NULL,2),(275,'쇠갈비찜','side_dish',NULL,256,'2024-05-22 16:26:15','2024-05-22 16:26:15',NULL,2),(276,'쇠고기사태찜','side_dish',NULL,328,'2024-05-22 16:26:15','2024-05-22 16:26:15',NULL,2),(277,'쇠고기수육','side_dish',NULL,498,'2024-05-22 16:26:15','2024-05-22 16:26:15',NULL,2),(278,'순대','side_dish',NULL,410,'2024-05-22 16:26:15','2024-05-22 16:26:15',NULL,2),(279,'아귀찜','side_dish',NULL,168,'2024-05-22 16:26:15','2024-05-22 16:26:15',NULL,2),(280,'애호박찜','side_dish',NULL,181,'2024-05-22 16:26:15','2024-05-22 16:26:15',NULL,2),(281,'족발','side_dish',NULL,582,'2024-05-22 16:26:15','2024-05-22 16:26:15',NULL,2),(282,'코다리찜','side_dish',NULL,188,'2024-05-22 16:26:15','2024-05-22 16:26:15',NULL,2),(283,'풋고추찜','side_dish',NULL,51,'2024-05-22 16:26:15','2024-05-22 16:26:15',NULL,2),(284,'해물콩나물찜','side_dish',NULL,111,'2024-05-22 16:26:15','2024-05-22 16:26:15',NULL,2),(285,'꿩불고기','side_dish',NULL,68,'2024-05-22 16:26:15','2024-05-22 16:26:15',NULL,2),(286,'닭갈비','side_dish',NULL,595,'2024-05-22 16:26:15','2024-05-22 16:26:15',NULL,2),(287,'닭갈비','side_dish',NULL,558,'2024-05-22 16:26:15','2024-05-22 16:26:15',NULL,2),(288,'닭꼬치','side_dish',NULL,176,'2024-05-22 16:26:15','2024-05-22 16:26:15',NULL,2),(289,'더덕구이','side_dish',NULL,184,'2024-05-22 16:26:15','2024-05-22 16:26:15',NULL,2),(290,'도미구이','side_dish',NULL,397,'2024-05-22 16:26:15','2024-05-22 16:26:15',NULL,2),(291,'돼지갈비','side_dish',NULL,240,'2024-05-22 16:26:15','2024-05-22 16:26:15',NULL,2),(292,'병어구이','side_dish',NULL,488,'2024-05-22 16:26:15','2024-05-22 16:26:15',NULL,2),(293,'불고기','side_dish',NULL,395,'2024-05-22 16:26:15','2024-05-22 16:26:15',NULL,2),(294,'붕장어소금구이','side_dish',NULL,296,'2024-05-22 16:26:15','2024-05-22 16:26:15',NULL,2),(295,'소양념갈비구이','side_dish',NULL,989,'2024-05-22 16:26:15','2024-05-22 16:26:15',NULL,2),(296,'양념왕갈비','side_dish',NULL,480,'2024-05-22 16:26:15','2024-05-22 16:26:15',NULL,2),(297,'양념장어구이','side_dish',NULL,433,'2024-05-22 16:26:15','2024-05-22 16:26:15',NULL,2),(298,'임연수구이','side_dish',NULL,494,'2024-05-22 16:26:15','2024-05-22 16:26:15',NULL,2),(299,'짚불구이곰장어','side_dish',NULL,326,'2024-05-22 16:26:15','2024-05-22 16:26:15',NULL,2),(300,'햄버그스테이크','side_dish',NULL,457,'2024-05-22 16:26:15','2024-05-22 16:26:15',NULL,2),(301,'황태구이','side_dish',NULL,437,'2024-05-22 16:26:15','2024-05-22 16:26:15',NULL,2),(302,'훈제오리','side_dish',NULL,797,'2024-05-22 16:26:15','2024-05-22 16:26:15',NULL,2),(303,'가자미구이','side_dish',NULL,245,'2024-05-22 16:26:15','2024-05-22 16:26:15',NULL,2),(304,'간장양념닭다리구이','side_dish',NULL,740,'2024-05-22 16:26:15','2024-05-22 16:26:15',NULL,2),(305,'갈치구이','side_dish',NULL,275,'2024-05-22 16:26:15','2024-05-22 16:26:15',NULL,2),(306,'고등어구이','side_dish',NULL,551,'2024-05-22 16:26:15','2024-05-22 16:26:15',NULL,2),(307,'고등어석쇠구이','side_dish',NULL,679,'2024-05-22 16:26:15','2024-05-22 16:26:15',NULL,2),(308,'굴비구이','side_dish',NULL,291,'2024-05-22 16:26:15','2024-05-22 16:26:15',NULL,2),(309,'꽁치구이','side_dish',NULL,604,'2024-05-22 16:26:15','2024-05-22 16:26:15',NULL,2),(310,'닭고기대파꼬치구이','side_dish',NULL,416,'2024-05-22 16:26:15','2024-05-22 16:26:15',NULL,2),(311,'닭구이','side_dish',NULL,872,'2024-05-22 16:26:15','2024-05-22 16:26:15',NULL,2),(312,'닭발구이','side_dish',NULL,431,'2024-05-22 16:26:15','2024-05-22 16:26:15',NULL,2),(313,'돼지갈비구이','side_dish',NULL,881,'2024-05-22 16:26:15','2024-05-22 16:26:15',NULL,2),(314,'돼지고기산적','side_dish',NULL,339,'2024-05-22 16:26:15','2024-05-22 16:26:15',NULL,2),(315,'돼지불고기','side_dish',NULL,449,'2024-05-22 16:26:15','2024-05-22 16:26:15',NULL,2),(316,'등심스테이크','side_dish',NULL,388,'2024-05-22 16:26:15','2024-05-22 16:26:15',NULL,2),(317,'런천미트구이','side_dish',NULL,484,'2024-05-22 16:26:15','2024-05-22 16:26:15',NULL,2),(318,'뱅어포구이','side_dish',NULL,261,'2024-05-22 16:26:15','2024-05-22 16:26:15',NULL,2),(319,'버섯구이','side_dish',NULL,41,'2024-05-22 16:26:15','2024-05-22 16:26:15',NULL,2),(320,'삼겹살고추장구이','side_dish',NULL,805,'2024-05-22 16:26:15','2024-05-22 16:26:15',NULL,2),(321,'삼겹살구이','side_dish',NULL,933,'2024-05-22 16:26:15','2024-05-22 16:26:15',NULL,2),(322,'삼치구이','side_dish',NULL,355,'2024-05-22 16:26:15','2024-05-22 16:26:15',NULL,2),(323,'새송이버섯구이','side_dish',NULL,66,'2024-05-22 16:26:15','2024-05-22 16:26:15',NULL,2),(324,'새우구이','side_dish',NULL,260,'2024-05-22 16:26:15','2024-05-22 16:26:15',NULL,2),(325,'소갈비구이','side_dish',NULL,722,'2024-05-22 16:26:15','2024-05-22 16:26:15',NULL,2),(326,'소곱창구이','side_dish',NULL,275,'2024-05-22 16:26:15','2024-05-22 16:26:15',NULL,2),(327,'소불고기','side_dish',NULL,339,'2024-05-22 16:26:15','2024-05-22 16:26:15',NULL,2),(328,'안심스테이크','side_dish',NULL,366,'2024-05-22 16:26:15','2024-05-22 16:26:15',NULL,2),(329,'오리고기구이','side_dish',NULL,586,'2024-05-22 16:26:15','2024-05-22 16:26:15',NULL,2),(330,'오리불고기','side_dish',NULL,361,'2024-05-22 16:26:15','2024-05-22 16:26:15',NULL,2),(331,'장어고추장구이','side_dish',NULL,258,'2024-05-22 16:26:15','2024-05-22 16:26:15',NULL,2),(332,'조기구이','side_dish',NULL,460,'2024-05-22 16:26:15','2024-05-22 16:26:15',NULL,2),(333,'조미김','side_dish',NULL,23,'2024-05-22 16:26:15','2024-05-22 16:26:15',NULL,2),(334,'쥐포구이','side_dish',NULL,238,'2024-05-22 16:26:15','2024-05-22 16:26:15',NULL,2),(335,'참치머리구이','side_dish',NULL,346,'2024-05-22 16:26:15','2024-05-22 16:26:15',NULL,2),(336,'치킨데리야끼','side_dish',NULL,707,'2024-05-22 16:26:15','2024-05-22 16:26:15',NULL,2),(337,'키조개구이','side_dish',NULL,234,'2024-05-22 16:26:15','2024-05-22 16:26:15',NULL,2),(338,'표고버섯구이','side_dish',NULL,79,'2024-05-22 16:26:15','2024-05-22 16:26:15',NULL,2),(339,'함박스테이크','side_dish',NULL,347,'2024-05-22 16:26:15','2024-05-22 16:26:15',NULL,2),(340,'햄구이','side_dish',NULL,577,'2024-05-22 16:26:15','2024-05-22 16:26:15',NULL,2),(341,'깻잎나물볶음','side_dish',NULL,206,'2024-05-22 16:26:15','2024-05-22 16:26:15',NULL,2),(342,'돼지고기볶음','side_dish',NULL,350,'2024-05-22 16:26:15','2024-05-22 16:26:15',NULL,2),(343,'돼지껍데기볶음','side_dish',NULL,352,'2024-05-22 16:26:15','2024-05-22 16:26:15',NULL,2),(344,'두부김치','side_dish',NULL,288,'2024-05-22 16:26:15','2024-05-22 16:26:15',NULL,2),(345,'머위나물볶음','side_dish',NULL,108,'2024-05-22 16:26:15','2024-05-22 16:26:15',NULL,2),(346,'멸치풋고추볶음','side_dish',NULL,52,'2024-05-22 16:26:15','2024-05-22 16:26:15',NULL,2),(347,'소세지볶음','side_dish',NULL,471,'2024-05-22 16:26:15','2024-05-22 16:26:15',NULL,2),(348,'순대볶음','side_dish',NULL,582,'2024-05-22 16:26:15','2024-05-22 16:26:15',NULL,2),(349,'양송이버섯볶음','side_dish',NULL,136,'2024-05-22 16:26:15','2024-05-22 16:26:15',NULL,2),(350,'오삼불고기','side_dish',NULL,363,'2024-05-22 16:26:15','2024-05-22 16:26:15',NULL,2),(351,'주꾸미볶음','side_dish',NULL,211,'2024-05-22 16:26:15','2024-05-22 16:26:15',NULL,2),(352,'표고버섯볶음','side_dish',NULL,142,'2024-05-22 16:26:15','2024-05-22 16:26:15',NULL,2),(353,'해물볶음','side_dish',NULL,419,'2024-05-22 16:26:15','2024-05-22 16:26:15',NULL,2),(354,'국물떡볶이','side_dish',NULL,796,'2024-05-22 16:26:15','2024-05-22 16:26:15',NULL,2),(355,'국물떡볶이','side_dish',NULL,636,'2024-05-22 16:26:15','2024-05-22 16:26:15',NULL,2),(356,'치즈국물떡볶이','side_dish',NULL,2530,'2024-05-22 16:26:15','2024-05-22 16:26:15',NULL,2),(357,'감자볶음','side_dish',NULL,100,'2024-05-22 16:26:15','2024-05-22 16:26:15',NULL,2),(358,'감자채소볶음','side_dish',NULL,139,'2024-05-22 16:26:15','2024-05-22 16:26:15',NULL,2),(359,'건새우볶음','side_dish',NULL,60,'2024-05-22 16:26:15','2024-05-22 16:26:15',NULL,2),(360,'고추볶음','side_dish',NULL,69,'2024-05-22 16:26:15','2024-05-22 16:26:15',NULL,2),(361,'김치볶음','side_dish',NULL,106,'2024-05-22 16:26:15','2024-05-22 16:26:15',NULL,2),(362,'꽈리고추멸치볶음','side_dish',NULL,126,'2024-05-22 16:26:15','2024-05-22 16:26:15',NULL,2),(363,'낙지볶음','side_dish',NULL,182,'2024-05-22 16:26:15','2024-05-22 16:26:15',NULL,2),(364,'느타리버섯볶음','side_dish',NULL,47,'2024-05-22 16:26:15','2024-05-22 16:26:15',NULL,2),(365,'닭가슴살피망볶음','side_dish',NULL,97,'2024-05-22 16:26:15','2024-05-22 16:26:15',NULL,2),(366,'닭발볶음','side_dish',NULL,372,'2024-05-22 16:26:15','2024-05-22 16:26:15',NULL,2),(367,'닭볶음','side_dish',NULL,558,'2024-05-22 16:26:15','2024-05-22 16:26:15',NULL,2),(368,'당근볶음','side_dish',NULL,85,'2024-05-22 16:26:15','2024-05-22 16:26:15',NULL,2),(369,'돼지고기김치볶음','side_dish',NULL,371,'2024-05-22 16:26:15','2024-05-22 16:26:15',NULL,2),(370,'돼지고기채소볶음','side_dish',NULL,388,'2024-05-22 16:26:15','2024-05-22 16:26:15',NULL,2),(371,'돼지곱창순대볶음','side_dish',NULL,299,'2024-05-22 16:26:15','2024-05-22 16:26:15',NULL,2),(372,'떡볶이','side_dish',NULL,260,'2024-05-22 16:26:15','2024-05-22 16:26:15',NULL,2),(373,'라볶이','side_dish',NULL,268,'2024-05-22 16:26:15','2024-05-22 16:26:15',NULL,2),(374,'마늘쫑볶음','side_dish',NULL,123,'2024-05-22 16:26:15','2024-05-22 16:26:15',NULL,2),(375,'마늘쫑잔멸치볶음','side_dish',NULL,58,'2024-05-22 16:26:15','2024-05-22 16:26:15',NULL,2),(376,'마파두부','side_dish',NULL,174,'2024-05-22 16:26:15','2024-05-22 16:26:15',NULL,2),(377,'멸치견과류볶음','side_dish',NULL,206,'2024-05-22 16:26:15','2024-05-22 16:26:15',NULL,2),(378,'멸치마늘쫑볶음','side_dish',NULL,138,'2024-05-22 16:26:15','2024-05-22 16:26:15',NULL,2),(379,'멸치볶음','side_dish',NULL,137,'2024-05-22 16:26:15','2024-05-22 16:26:15',NULL,2),(380,'묵은지삼겹살볶음','side_dish',NULL,302,'2024-05-22 16:26:15','2024-05-22 16:26:15',NULL,2),(381,'문어고추장볶음','side_dish',NULL,175,'2024-05-22 16:26:15','2024-05-22 16:26:15',NULL,2),(382,'미역줄기볶음','side_dish',NULL,61,'2024-05-22 16:26:15','2024-05-22 16:26:15',NULL,2),(383,'브로콜리볶음','side_dish',NULL,46,'2024-05-22 16:26:15','2024-05-22 16:26:15',NULL,2),(384,'새송이버섯볶음','side_dish',NULL,145,'2024-05-22 16:26:15','2024-05-22 16:26:15',NULL,2),(385,'새우볶음','side_dish',NULL,166,'2024-05-22 16:26:15','2024-05-22 16:26:15',NULL,2),(386,'소시지볶음','side_dish',NULL,559,'2024-05-22 16:26:15','2024-05-22 16:26:15',NULL,2),(387,'쇠고기고추장볶음','side_dish',NULL,434,'2024-05-22 16:26:15','2024-05-22 16:26:15',NULL,2),(388,'쇠고기버섯볶음','side_dish',NULL,330,'2024-05-22 16:26:15','2024-05-22 16:26:15',NULL,2),(389,'쇠고기볶음','side_dish',NULL,543,'2024-05-22 16:26:15','2024-05-22 16:26:15',NULL,2),(390,'쇠고기채소볶음','side_dish',NULL,288,'2024-05-22 16:26:15','2024-05-22 16:26:15',NULL,2),(391,'양파볶음','side_dish',NULL,44,'2024-05-22 16:26:15','2024-05-22 16:26:15',NULL,2),(392,'어묵볶음','side_dish',NULL,275,'2024-05-22 16:26:15','2024-05-22 16:26:15',NULL,2),(393,'어묵잡채','side_dish',NULL,414,'2024-05-22 16:26:15','2024-05-22 16:26:15',NULL,2),(394,'어묵채소볶음','side_dish',NULL,136,'2024-05-22 16:26:15','2024-05-22 16:26:15',NULL,2),(395,'오징어볶음','side_dish',NULL,255,'2024-05-22 16:26:15','2024-05-22 16:26:15',NULL,2),(396,'오징어채볶음','side_dish',NULL,59,'2024-05-22 16:26:15','2024-05-22 16:26:15',NULL,2),(397,'유산슬','side_dish',NULL,189,'2024-05-22 16:26:15','2024-05-22 16:26:15',NULL,2),(398,'잔멸치견과류볶음','side_dish',NULL,193,'2024-05-22 16:26:15','2024-05-22 16:26:15',NULL,2),(399,'잔멸치고추볶음','side_dish',NULL,114,'2024-05-22 16:26:15','2024-05-22 16:26:15',NULL,2),(400,'잔멸치꽈리고추볶음','side_dish',NULL,146,'2024-05-22 16:26:15','2024-05-22 16:26:15',NULL,2),(401,'잔멸치볶음','side_dish',NULL,170,'2024-05-22 16:26:15','2024-05-22 16:26:15',NULL,2),(402,'잔멸치풋고추볶음','side_dish',NULL,127,'2024-05-22 16:26:15','2024-05-22 16:26:15',NULL,2),(403,'잡채','side_dish',NULL,291,'2024-05-22 16:26:15','2024-05-22 16:26:15',NULL,2),(404,'제육볶음','side_dish',NULL,487,'2024-05-22 16:26:15','2024-05-22 16:26:15',NULL,2),(405,'죽순쇠고기볶음','side_dish',NULL,276,'2024-05-22 16:26:15','2024-05-22 16:26:15',NULL,2),(406,'참치 김치볶음','side_dish',NULL,121,'2024-05-22 16:26:15','2024-05-22 16:26:15',NULL,2),(407,'채소떡볶이','side_dish',NULL,515,'2024-05-22 16:26:15','2024-05-22 16:26:15',NULL,2),(408,'콩나물잡채','side_dish',NULL,153,'2024-05-22 16:26:15','2024-05-22 16:26:15',NULL,2),(409,'팔보채','side_dish',NULL,196,'2024-05-22 16:26:15','2024-05-22 16:26:15',NULL,2),(410,'풋고추멸치볶음','side_dish',NULL,94,'2024-05-22 16:26:15','2024-05-22 16:26:15',NULL,2),(411,'햄채소볶음','side_dish',NULL,401,'2024-05-22 16:26:15','2024-05-22 16:26:15',NULL,2),(412,'귤','dessert',NULL,9,'2024-05-22 16:26:15','2024-05-22 16:26:15',NULL,2),(413,'딸기','dessert',NULL,34,'2024-05-22 16:26:15','2024-05-22 16:26:15',NULL,2),(414,'망고','dessert',NULL,57,'2024-05-22 16:26:15','2024-05-22 16:26:15',NULL,2),(415,'무화과','dessert',NULL,54,'2024-05-22 16:26:15','2024-05-22 16:26:15',NULL,2),(416,'배','dessert',NULL,46,'2024-05-22 16:26:15','2024-05-22 16:26:15',NULL,2),(417,'복숭아','dessert',NULL,49,'2024-05-22 16:26:15','2024-05-22 16:26:15',NULL,2),(418,'블루베리','dessert',NULL,48,'2024-05-22 16:26:15','2024-05-22 16:26:15',NULL,2),(419,'사과','dessert',NULL,56,'2024-05-22 16:26:15','2024-05-22 16:26:15',NULL,2),(420,'수박','dessert',NULL,31,'2024-05-22 16:26:15','2024-05-22 16:26:15',NULL,2),(421,'참외','dessert',NULL,47,'2024-05-22 16:26:15','2024-05-22 16:26:15',NULL,2),(422,'체리','dessert',NULL,67,'2024-05-22 16:26:15','2024-05-22 16:26:15',NULL,2),(423,'파인애플','dessert',NULL,53,'2024-05-22 16:26:15','2024-05-22 16:26:15',NULL,2),(424,'포도','dessert',NULL,60,'2024-05-22 16:26:15','2024-05-22 16:26:15',NULL,2);

INSERT INTO `todo_lists` VALUES (1,NULL,1,'2024-06-07',4,'2024-06-07 14:20:27','2024-06-07 15:51:32',NULL),(2,NULL,1,'2024-06-07',2,'2024-06-07 14:24:50','2024-06-07 15:51:32',NULL),(3,NULL,1,'2024-06-07',1,'2024-06-07 14:28:08','2024-06-07 15:51:32',NULL),(4,NULL,1,'2024-06-07',0,'2024-06-07 14:30:20','2024-06-07 15:51:32',NULL),(5,NULL,1,'2024-06-07',2,'2024-06-07 14:47:41','2024-06-07 15:51:32',NULL),(6,NULL,1,'2024-06-01',7,'2024-06-07 15:17:35','2024-06-07 15:51:32',NULL),(7,NULL,1,'2024-06-03',2,'2024-06-07 15:22:09','2024-06-07 15:51:32',NULL),(8,NULL,0,'2024-06-04',0,'2024-06-07 15:26:23','2024-06-07 15:26:23',NULL),(9,NULL,0,'2024-06-06',0,'2024-06-07 15:27:51','2024-06-07 15:27:51',NULL),(10,NULL,1,'2024-06-07',1,'2024-06-07 15:46:03','2024-06-07 15:51:32',NULL);

INSERT INTO `todo_elements` VALUES (1,2,10,0,'2024-06-07',0,2,0,0,'2024-06-07 14:20:27','2024-06-07 14:20:27','2024-06-07 14:23:23',10),(2,2,292,0,'2024-06-07',0,2,0,0,'2024-06-07 14:20:27','2024-06-07 14:20:27','2024-06-07 14:23:23',10),(3,2,386,0,'2024-06-07',0,2,0,0,'2024-06-07 14:20:27','2024-06-07 14:20:27','2024-06-07 14:23:24',10),(4,2,246,0,'2024-06-07',0,2,0,0,'2024-06-07 14:20:27','2024-06-07 14:20:27','2024-06-07 14:23:24',10),(5,2,423,0,'2024-06-07',0,2,0,0,'2024-06-07 14:20:27','2024-06-07 14:20:27','2024-06-07 14:23:25',10),(6,1,5,0,'2024-06-07',0,4,5,3,'2024-06-07 14:22:40','2024-06-07 14:22:40',NULL,10),(7,1,11,0,'2024-06-07',0,4,5,3,'2024-06-07 14:22:47','2024-06-07 14:22:47',NULL,10),(8,1,22,0,'2024-06-07',0,4,4,3,'2024-06-07 14:23:02','2024-06-07 14:23:02',NULL,10),(9,1,18,0,'2024-06-07',0,4,3,5,'2024-06-07 14:23:17','2024-06-07 14:23:17',NULL,10),(10,2,26,0,'2024-06-07',0,2,0,0,'2024-06-07 14:23:30','2024-06-07 14:23:30',NULL,10),(11,2,401,0,'2024-06-07',0,2,0,0,'2024-06-07 14:23:30','2024-06-07 14:23:30',NULL,10),(12,2,327,0,'2024-06-07',0,2,0,0,'2024-06-07 14:23:30','2024-06-07 14:23:30',NULL,10),(13,2,317,0,'2024-06-07',0,2,0,0,'2024-06-07 14:23:30','2024-06-07 14:23:30',NULL,10),(14,2,420,0,'2024-06-07',0,2,0,0,'2024-06-07 14:23:30','2024-06-07 14:23:30',NULL,10),(15,2,47,0,'2024-06-07',0,2,0,0,'2024-06-07 14:24:50','2024-06-07 14:24:50',NULL,11),(16,2,303,0,'2024-06-07',0,2,0,0,'2024-06-07 14:24:50','2024-06-07 14:24:50',NULL,11),(17,2,310,0,'2024-06-07',0,2,0,0,'2024-06-07 14:24:50','2024-06-07 14:24:50',NULL,11),(18,2,384,0,'2024-06-07',0,2,0,0,'2024-06-07 14:24:50','2024-06-07 14:24:50',NULL,11),(19,2,412,0,'2024-06-07',0,2,0,0,'2024-06-07 14:24:50','2024-06-07 14:24:50',NULL,11),(20,1,9,0,'2024-06-07',0,4,5,3,'2024-06-07 14:25:18','2024-06-07 14:25:18',NULL,11),(21,1,20,0,'2024-06-07',0,4,5,3,'2024-06-07 14:25:34','2024-06-07 14:25:34',NULL,11),(22,1,6,0,'2024-06-07',0,4,4,3,'2024-06-07 14:25:49','2024-06-07 14:25:49',NULL,11),(23,1,21,0,'2024-06-07',0,4,5,2,'2024-06-07 14:26:02','2024-06-07 14:26:02',NULL,11),(24,2,105,0,'2024-06-07',0,2,0,0,'2024-06-07 14:28:08','2024-06-07 14:28:08',NULL,12),(25,2,393,0,'2024-06-07',0,2,0,0,'2024-06-07 14:28:08','2024-06-07 14:28:08',NULL,12),(26,2,342,0,'2024-06-07',0,2,0,0,'2024-06-07 14:28:08','2024-06-07 14:28:08',NULL,12),(27,2,320,0,'2024-06-07',0,2,0,0,'2024-06-07 14:28:08','2024-06-07 14:28:08',NULL,12),(28,2,423,0,'2024-06-07',0,2,0,0,'2024-06-07 14:28:08','2024-06-07 14:28:08',NULL,12),(29,1,16,0,'2024-06-07',0,4,10,2,'2024-06-07 14:28:21','2024-06-07 14:28:21',NULL,12),(30,1,25,0,'2024-06-07',0,4,5,3,'2024-06-07 14:28:31','2024-06-07 14:28:31',NULL,12),(31,1,23,0,'2024-06-07',0,4,4,3,'2024-06-07 14:28:41','2024-06-07 14:28:41',NULL,12),(32,1,24,0,'2024-06-07',0,4,4,3,'2024-06-07 14:28:52','2024-06-07 14:28:52',NULL,12),(33,1,13,0,'2024-06-07',0,4,5,3,'2024-06-07 14:29:08','2024-06-07 14:29:08',NULL,12),(34,2,218,0,'2024-06-07',0,2,0,0,'2024-06-07 14:30:20','2024-06-07 14:30:20',NULL,13),(35,2,381,0,'2024-06-07',0,2,0,0,'2024-06-07 14:30:20','2024-06-07 14:30:20',NULL,13),(36,2,353,0,'2024-06-07',0,2,0,0,'2024-06-07 14:30:20','2024-06-07 14:30:20',NULL,13),(37,2,262,0,'2024-06-07',0,2,0,0,'2024-06-07 14:30:20','2024-06-07 14:30:20',NULL,13),(38,2,414,0,'2024-06-07',0,2,0,0,'2024-06-07 14:30:20','2024-06-07 14:30:20',NULL,13),(39,1,25,0,'2024-06-07',0,4,5,4,'2024-06-07 14:31:22','2024-06-07 14:31:22',NULL,13),(40,1,11,0,'2024-06-07',0,4,5,3,'2024-06-07 14:31:33','2024-06-07 14:31:33',NULL,13),(41,1,1,0,'2024-06-07',0,4,5,2,'2024-06-07 14:31:47','2024-06-07 14:31:47',NULL,13),(42,1,19,0,'2024-06-07',0,4,5,5,'2024-06-07 14:32:02','2024-06-07 14:32:02',NULL,13),(43,1,2,1,'2024-06-07',0,4,3,8,'2024-06-07 14:47:41','2024-06-07 15:13:18',NULL,19),(44,1,9,1,'2024-06-07',0,4,3,10,'2024-06-07 14:48:11','2024-06-07 15:13:18',NULL,19),(45,1,11,1,'2024-06-07',0,4,3,10,'2024-06-07 14:48:36','2024-06-07 15:13:19',NULL,19),(46,1,16,1,'2024-06-07',0,4,3,12,'2024-06-07 14:48:45','2024-06-07 15:13:19',NULL,19),(47,1,17,1,'2024-06-07',0,4,3,15,'2024-06-07 14:49:01','2024-06-07 15:13:20',NULL,19),(48,2,286,1,'2024-06-07',0,2,0,0,'2024-06-07 14:49:08','2024-06-07 15:13:14',NULL,19),(49,2,153,1,'2024-06-07',0,2,0,0,'2024-06-07 14:49:08','2024-06-07 15:13:16',NULL,19),(50,2,304,1,'2024-06-07',0,2,0,0,'2024-06-07 14:49:08','2024-06-07 15:13:15',NULL,19),(51,2,275,1,'2024-06-07',0,2,0,0,'2024-06-07 14:49:08','2024-06-07 15:13:15',NULL,19),(52,2,415,1,'2024-06-07',0,2,0,0,'2024-06-07 14:49:08','2024-06-07 15:13:16',NULL,19),(53,1,16,1,'2024-06-01',0,4,3,15,'2024-06-07 15:17:35','2024-06-07 15:18:12',NULL,19),(54,1,24,1,'2024-06-01',0,4,3,12,'2024-06-07 15:18:06','2024-06-07 15:18:13',NULL,19),(55,1,26,1,'2024-06-01',0,4,3,10,'2024-06-07 15:18:36','2024-06-07 15:18:41',NULL,19),(56,2,11,1,'2024-06-01',0,3,0,0,'2024-06-07 15:18:53','2024-06-07 15:19:36',NULL,19),(57,2,248,1,'2024-06-01',0,3,0,0,'2024-06-07 15:19:03','2024-06-07 15:19:36',NULL,19),(58,2,263,1,'2024-06-01',0,2,0,0,'2024-06-07 15:19:13','2024-06-07 15:19:37',NULL,19),(59,2,417,1,'2024-06-01',0,3,0,0,'2024-06-07 15:19:29','2024-06-07 15:19:35',NULL,19),(60,1,1,1,'2024-06-03',0,4,3,10,'2024-06-07 15:22:09','2024-06-07 15:23:50',NULL,19),(61,1,20,1,'2024-06-03',0,4,3,8,'2024-06-07 15:22:27','2024-06-07 15:23:52',NULL,19),(62,1,19,1,'2024-06-03',0,4,3,8,'2024-06-07 15:22:40','2024-06-07 15:23:51',NULL,19),(63,1,16,1,'2024-06-03',0,4,3,15,'2024-06-07 15:22:57','2024-06-07 15:23:51',NULL,19),(64,2,26,1,'2024-06-03',0,1,0,0,'2024-06-07 15:23:10','2024-06-07 15:23:48',NULL,19),(65,2,262,1,'2024-06-03',0,1,0,0,'2024-06-07 15:23:23','2024-06-07 15:23:49',NULL,19),(66,2,271,1,'2024-06-03',0,1,0,0,'2024-06-07 15:23:35','2024-06-07 15:23:49',NULL,19),(67,2,418,1,'2024-06-03',0,1,0,0,'2024-06-07 15:23:45','2024-06-07 15:23:49',NULL,19),(68,1,11,1,'2024-06-04',0,4,3,10,'2024-06-07 15:26:23','2024-06-07 15:26:27',NULL,19),(69,1,17,1,'2024-06-04',0,4,4,10,'2024-06-07 15:26:40','2024-06-07 15:26:42',NULL,19),(70,1,25,1,'2024-06-04',0,4,3,12,'2024-06-07 15:27:03','2024-06-07 15:27:06',NULL,19),(71,1,24,1,'2024-06-04',0,4,4,10,'2024-06-07 15:27:15','2024-06-07 15:27:18',NULL,19),(72,1,2,1,'2024-06-06',0,4,3,10,'2024-06-07 15:27:51','2024-06-07 15:27:54',NULL,19),(73,1,7,1,'2024-06-06',0,4,4,12,'2024-06-07 15:28:03','2024-06-07 15:28:06',NULL,19),(74,1,22,1,'2024-06-06',0,4,2,10,'2024-06-07 15:28:17','2024-06-07 15:28:21',NULL,19),(75,2,30,1,'2024-06-06',0,1,0,0,'2024-06-07 15:28:31','2024-06-07 15:28:35',NULL,19),(76,2,35,1,'2024-06-06',0,2,0,0,'2024-06-07 15:28:45','2024-06-07 15:28:48',NULL,19),(77,2,188,0,'2024-06-07',0,2,0,0,'2024-06-07 15:46:03','2024-06-07 15:46:03',NULL,14),(78,2,388,0,'2024-06-07',0,2,0,0,'2024-06-07 15:46:03','2024-06-07 15:46:03',NULL,14),(79,2,395,0,'2024-06-07',0,2,0,0,'2024-06-07 15:46:03','2024-06-07 15:46:03',NULL,14),(80,2,296,0,'2024-06-07',0,2,0,0,'2024-06-07 15:46:03','2024-06-07 15:46:03',NULL,14),(81,2,419,0,'2024-06-07',0,2,0,0,'2024-06-07 15:46:03','2024-06-07 15:46:03',NULL,14),(82,1,1,0,'2024-06-07',0,4,3,10,'2024-06-07 15:46:12','2024-06-07 15:46:12',NULL,14),(83,1,20,0,'2024-06-07',0,4,3,8,'2024-06-07 15:46:12','2024-06-07 15:46:12',NULL,14),(84,1,19,0,'2024-06-07',0,4,3,8,'2024-06-07 15:46:12','2024-06-07 15:46:12',NULL,14),(85,1,16,0,'2024-06-07',0,4,3,15,'2024-06-07 15:46:12','2024-06-07 15:46:12',NULL,14);

INSERT INTO `exercise_follow` VALUES ('2024-06-07 15:51:13','2024-06-07 15:51:13',1,19),('2024-06-07 15:51:17','2024-06-07 15:51:17',5,19),('2024-06-07 15:51:22','2024-06-07 15:51:22',16,19),('2024-06-07 15:51:26','2024-06-07 15:51:26',25,19);

INSERT INTO `health_tips` VALUES (1,'설탕과 칼로리가 많은 음료는 적당히!','2024-05-20 15:54:53','2024-05-20 15:54:53',NULL),(2,'충분한 수면은 필수 !','2024-05-20 15:54:53','2024-05-20 15:54:53',NULL),(3,'프로바이오틱스와 섬유질로 장 건강을 튼튼하게!','2024-05-20 15:54:53','2024-05-20 15:54:53',NULL),(4,'식사 전에 물을 조금 마셔요! 체중 감소에 필수!','2024-05-20 15:54:53','2024-05-20 15:54:53',NULL),(5,'자기 전에 밝은 빛을 피하세요! 특히 핸드폰 불빛!!','2024-05-20 15:54:53','2024-05-20 15:54:53',NULL),(6,'비타민 D를 더 많이 섭취하세요','2024-05-20 15:54:53','2024-05-20 15:54:53',NULL),(7,'채소와 과일을 많이 드세요','2024-05-20 15:54:53','2024-05-20 15:54:53',NULL),(8,'단백질을 충분히 섭취하세요','2024-05-20 15:54:53','2024-05-20 15:54:53',NULL),(9,'유산소 운동 같은 심장 강화운동을 꾸준히!','2024-05-20 15:55:27','2024-05-20 15:55:27',NULL),(10,'설탕과 정제 탄수화물 섭취를 줄이세요','2024-05-20 15:55:27','2024-05-20 15:55:27',NULL),(11,'인간 관계를 관리하세요. 정신 건강이 곧 신체 건강!','2024-05-20 15:55:27','2024-05-20 15:55:27',NULL);

INSERT INTO `share_comments` VALUES (1,'워너비를 만나고 나의 성공 시대 시작됐다','2024-06-07 14:24:25','2024-06-07 14:24:25',NULL,1),(2,'4조 포바오 화이팅','2024-06-07 14:27:32','2024-06-07 14:27:32',NULL,2),(3,'워너비를 사용하니 나의 루틴을 관리하기 너무 좋아요! 친구들한테도 추천하려고요 ^^','2024-06-07 14:29:58','2024-06-07 14:29:58',NULL,3),(4,'일과 공유하기도 가능하니 일정 기록할 맛이 나네!','2024-06-07 14:32:43','2024-06-07 14:32:43',NULL,4),(5,'이정도는 가뿐하게 해내죠\n#오운완 #벌크업','2024-06-07 14:50:36','2024-06-07 14:50:36',NULL,5),(6,'누가 만들었는지 참 잘 만든 사이트야 ','2024-06-07 15:20:13','2024-06-07 15:20:13',NULL,6),(7,'우리 귀염둥이 손자에게도 워너비를 알려줘야 겠구만','2024-06-07 15:25:06','2024-06-07 15:25:06',NULL,7),(8,'저도 덕춘 할아버지처럼 되고 싶어서 일과를 공유 받아 루틴을 짜 보았어요!','2024-06-07 15:47:07','2024-06-07 15:47:07',NULL,10);

INSERT INTO `list_elem` VALUES ('2024-06-07 14:20:27','2024-06-07 14:20:27',1,1),('2024-06-07 14:20:27','2024-06-07 14:20:27',2,1),('2024-06-07 14:20:27','2024-06-07 14:20:27',3,1),('2024-06-07 14:20:27','2024-06-07 14:20:27',4,1),('2024-06-07 14:20:27','2024-06-07 14:20:27',5,1),('2024-06-07 14:22:40','2024-06-07 14:22:40',6,1),('2024-06-07 14:22:47','2024-06-07 14:22:47',7,1),('2024-06-07 14:23:02','2024-06-07 14:23:02',8,1),('2024-06-07 14:23:17','2024-06-07 14:23:17',9,1),('2024-06-07 14:23:30','2024-06-07 14:23:30',10,1),('2024-06-07 14:23:30','2024-06-07 14:23:30',11,1),('2024-06-07 14:23:30','2024-06-07 14:23:30',12,1),('2024-06-07 14:23:30','2024-06-07 14:23:30',13,1),('2024-06-07 14:23:30','2024-06-07 14:23:30',14,1),('2024-06-07 14:24:50','2024-06-07 14:24:50',15,2),('2024-06-07 14:24:50','2024-06-07 14:24:50',16,2),('2024-06-07 14:24:50','2024-06-07 14:24:50',17,2),('2024-06-07 14:24:50','2024-06-07 14:24:50',18,2),('2024-06-07 14:24:50','2024-06-07 14:24:50',19,2),('2024-06-07 14:25:18','2024-06-07 14:25:18',20,2),('2024-06-07 14:25:34','2024-06-07 14:25:34',21,2),('2024-06-07 14:25:49','2024-06-07 14:25:49',22,2),('2024-06-07 14:26:02','2024-06-07 14:26:02',23,2),('2024-06-07 14:28:08','2024-06-07 14:28:08',24,3),('2024-06-07 14:28:08','2024-06-07 14:28:08',25,3),('2024-06-07 14:28:08','2024-06-07 14:28:08',26,3),('2024-06-07 14:28:08','2024-06-07 14:28:08',27,3),('2024-06-07 14:28:08','2024-06-07 14:28:08',28,3),('2024-06-07 14:28:21','2024-06-07 14:28:21',29,3),('2024-06-07 14:28:31','2024-06-07 14:28:31',30,3),('2024-06-07 14:28:41','2024-06-07 14:28:41',31,3),('2024-06-07 14:28:52','2024-06-07 14:28:52',32,3),('2024-06-07 14:29:08','2024-06-07 14:29:08',33,3),('2024-06-07 14:30:20','2024-06-07 14:30:20',34,4),('2024-06-07 14:30:20','2024-06-07 14:30:20',35,4),('2024-06-07 14:30:20','2024-06-07 14:30:20',36,4),('2024-06-07 14:30:20','2024-06-07 14:30:20',37,4),('2024-06-07 14:30:20','2024-06-07 14:30:20',38,4),('2024-06-07 14:31:22','2024-06-07 14:31:22',39,4),('2024-06-07 14:31:33','2024-06-07 14:31:33',40,4),('2024-06-07 14:31:47','2024-06-07 14:31:47',41,4),('2024-06-07 14:32:02','2024-06-07 14:32:02',42,4),('2024-06-07 14:47:41','2024-06-07 14:47:41',43,5),('2024-06-07 14:48:11','2024-06-07 14:48:11',44,5),('2024-06-07 14:48:36','2024-06-07 14:48:36',45,5),('2024-06-07 14:48:45','2024-06-07 14:48:45',46,5),('2024-06-07 14:49:01','2024-06-07 14:49:01',47,5),('2024-06-07 14:49:08','2024-06-07 14:49:08',48,5),('2024-06-07 14:49:08','2024-06-07 14:49:08',49,5),('2024-06-07 14:49:08','2024-06-07 14:49:08',50,5),('2024-06-07 14:49:08','2024-06-07 14:49:08',51,5),('2024-06-07 14:49:08','2024-06-07 14:49:08',52,5),('2024-06-07 15:17:35','2024-06-07 15:17:35',53,6),('2024-06-07 15:18:06','2024-06-07 15:18:06',54,6),('2024-06-07 15:18:36','2024-06-07 15:18:36',55,6),('2024-06-07 15:18:53','2024-06-07 15:18:53',56,6),('2024-06-07 15:19:03','2024-06-07 15:19:03',57,6),('2024-06-07 15:19:14','2024-06-07 15:19:14',58,6),('2024-06-07 15:19:29','2024-06-07 15:19:29',59,6),('2024-06-07 15:22:09','2024-06-07 15:22:09',60,7),('2024-06-07 15:22:27','2024-06-07 15:22:27',61,7),('2024-06-07 15:22:40','2024-06-07 15:22:40',62,7),('2024-06-07 15:22:57','2024-06-07 15:22:57',63,7),('2024-06-07 15:23:10','2024-06-07 15:23:10',64,7),('2024-06-07 15:23:23','2024-06-07 15:23:23',65,7),('2024-06-07 15:23:35','2024-06-07 15:23:35',66,7),('2024-06-07 15:23:45','2024-06-07 15:23:45',67,7),('2024-06-07 15:26:23','2024-06-07 15:26:23',68,8),('2024-06-07 15:26:40','2024-06-07 15:26:40',69,8),('2024-06-07 15:27:03','2024-06-07 15:27:03',70,8),('2024-06-07 15:27:15','2024-06-07 15:27:15',71,8),('2024-06-07 15:27:51','2024-06-07 15:27:51',72,9),('2024-06-07 15:28:03','2024-06-07 15:28:03',73,9),('2024-06-07 15:28:17','2024-06-07 15:28:17',74,9),('2024-06-07 15:28:31','2024-06-07 15:28:31',75,9),('2024-06-07 15:28:45','2024-06-07 15:28:45',76,9),('2024-06-07 15:46:03','2024-06-07 15:46:03',77,10),('2024-06-07 15:46:03','2024-06-07 15:46:03',78,10),('2024-06-07 15:46:03','2024-06-07 15:46:03',79,10),('2024-06-07 15:46:03','2024-06-07 15:46:03',80,10),('2024-06-07 15:46:03','2024-06-07 15:46:03',81,10),('2024-06-07 15:46:12','2024-06-07 15:46:12',82,10),('2024-06-07 15:46:12','2024-06-07 15:46:12',83,10),('2024-06-07 15:46:12','2024-06-07 15:46:12',84,10),('2024-06-07 15:46:12','2024-06-07 15:46:12',85,10);

INSERT INTO `ele_exercise` VALUES ('2024-06-07 14:31:47','2024-06-07 14:31:47',1,41),('2024-06-07 15:22:09','2024-06-07 15:22:09',1,60),('2024-06-07 15:46:12','2024-06-07 15:46:12',1,82),('2024-06-07 14:47:41','2024-06-07 14:47:41',2,43),('2024-06-07 15:27:51','2024-06-07 15:27:51',2,72),('2024-06-07 14:22:40','2024-06-07 14:22:40',5,6),('2024-06-07 14:25:49','2024-06-07 14:25:49',6,22),('2024-06-07 15:28:03','2024-06-07 15:28:03',7,73),('2024-06-07 14:25:18','2024-06-07 14:25:18',9,20),('2024-06-07 14:48:11','2024-06-07 14:48:11',9,44),('2024-06-07 14:22:47','2024-06-07 14:22:47',11,7),('2024-06-07 14:31:33','2024-06-07 14:31:33',11,40),('2024-06-07 14:48:36','2024-06-07 14:48:36',11,45),('2024-06-07 15:26:23','2024-06-07 15:26:23',11,68),('2024-06-07 14:29:08','2024-06-07 14:29:08',13,33),('2024-06-07 14:28:21','2024-06-07 14:28:21',16,29),('2024-06-07 14:48:45','2024-06-07 14:48:45',16,46),('2024-06-07 15:17:35','2024-06-07 15:17:35',16,53),('2024-06-07 15:22:57','2024-06-07 15:22:57',16,63),('2024-06-07 15:46:12','2024-06-07 15:46:12',16,85),('2024-06-07 14:49:01','2024-06-07 14:49:01',17,47),('2024-06-07 15:26:40','2024-06-07 15:26:40',17,69),('2024-06-07 14:23:17','2024-06-07 14:23:17',18,9),('2024-06-07 14:32:02','2024-06-07 14:32:02',19,42),('2024-06-07 15:22:40','2024-06-07 15:22:40',19,62),('2024-06-07 15:46:12','2024-06-07 15:46:12',19,84),('2024-06-07 14:25:34','2024-06-07 14:25:34',20,21),('2024-06-07 15:22:27','2024-06-07 15:22:27',20,61),('2024-06-07 15:46:12','2024-06-07 15:46:12',20,83),('2024-06-07 14:26:02','2024-06-07 14:26:02',21,23),('2024-06-07 14:23:02','2024-06-07 14:23:02',22,8),('2024-06-07 15:28:17','2024-06-07 15:28:17',22,74),('2024-06-07 14:28:41','2024-06-07 14:28:41',23,31),('2024-06-07 14:28:52','2024-06-07 14:28:52',24,32),('2024-06-07 15:18:06','2024-06-07 15:18:06',24,54),('2024-06-07 15:27:15','2024-06-07 15:27:15',24,71),('2024-06-07 14:28:31','2024-06-07 14:28:31',25,30),('2024-06-07 14:31:22','2024-06-07 14:31:22',25,39),('2024-06-07 15:27:03','2024-06-07 15:27:03',25,70),('2024-06-07 15:18:36','2024-06-07 15:18:36',26,55);

INSERT INTO `ele_food` VALUES ('2024-06-07 14:20:27','2024-06-07 14:20:27',10,1),('2024-06-07 15:18:53','2024-06-07 15:18:53',11,56),('2024-06-07 14:23:30','2024-06-07 14:23:30',26,10),('2024-06-07 15:23:10','2024-06-07 15:23:10',26,64),('2024-06-07 15:28:31','2024-06-07 15:28:31',30,75),('2024-06-07 15:28:45','2024-06-07 15:28:45',35,76),('2024-06-07 14:24:50','2024-06-07 14:24:50',47,15),('2024-06-07 14:28:08','2024-06-07 14:28:08',105,24),('2024-06-07 14:49:08','2024-06-07 14:49:08',153,49),('2024-06-07 15:46:03','2024-06-07 15:46:03',188,77),('2024-06-07 14:30:20','2024-06-07 14:30:20',218,34),('2024-06-07 14:20:27','2024-06-07 14:20:27',246,4),('2024-06-07 15:19:03','2024-06-07 15:19:03',248,57),('2024-06-07 14:30:20','2024-06-07 14:30:20',262,37),('2024-06-07 15:23:23','2024-06-07 15:23:23',262,65),('2024-06-07 15:19:13','2024-06-07 15:19:13',263,58),('2024-06-07 15:23:35','2024-06-07 15:23:35',271,66),('2024-06-07 14:49:08','2024-06-07 14:49:08',275,51),('2024-06-07 14:49:08','2024-06-07 14:49:08',286,48),('2024-06-07 14:20:27','2024-06-07 14:20:27',292,2),('2024-06-07 15:46:03','2024-06-07 15:46:03',296,80),('2024-06-07 14:24:50','2024-06-07 14:24:50',303,16),('2024-06-07 14:49:08','2024-06-07 14:49:08',304,50),('2024-06-07 14:24:50','2024-06-07 14:24:50',310,17),('2024-06-07 14:23:30','2024-06-07 14:23:30',317,13),('2024-06-07 14:28:08','2024-06-07 14:28:08',320,27),('2024-06-07 14:23:30','2024-06-07 14:23:30',327,12),('2024-06-07 14:28:08','2024-06-07 14:28:08',342,26),('2024-06-07 14:30:20','2024-06-07 14:30:20',353,36),('2024-06-07 14:30:20','2024-06-07 14:30:20',381,35),('2024-06-07 14:24:50','2024-06-07 14:24:50',384,18),('2024-06-07 14:20:27','2024-06-07 14:20:27',386,3),('2024-06-07 15:46:03','2024-06-07 15:46:03',388,78),('2024-06-07 14:28:08','2024-06-07 14:28:08',393,25),('2024-06-07 15:46:03','2024-06-07 15:46:03',395,79),('2024-06-07 14:23:30','2024-06-07 14:23:30',401,11),('2024-06-07 14:24:50','2024-06-07 14:24:50',412,19),('2024-06-07 14:30:20','2024-06-07 14:30:20',414,38),('2024-06-07 14:49:08','2024-06-07 14:49:08',415,52),('2024-06-07 15:19:29','2024-06-07 15:19:29',417,59),('2024-06-07 15:23:45','2024-06-07 15:23:45',418,67),('2024-06-07 15:46:03','2024-06-07 15:46:03',419,81),('2024-06-07 14:23:30','2024-06-07 14:23:30',420,14),('2024-06-07 14:20:27','2024-06-07 14:20:27',423,5),('2024-06-07 14:28:08','2024-06-07 14:28:08',423,28);

INSERT INTO `list_follow` VALUES ('2024-06-07 14:27:48','2024-06-07 14:27:48',1,11),('2024-06-07 14:30:04','2024-06-07 14:30:04',1,12),('2024-06-07 14:32:52','2024-06-07 14:32:52',1,13),('2024-06-07 15:47:23','2024-06-07 15:47:23',1,14),('2024-06-07 14:30:04','2024-06-07 14:30:04',2,12),('2024-06-07 14:32:51','2024-06-07 14:32:51',2,13),('2024-06-07 14:32:50','2024-06-07 14:32:50',3,13),('2024-06-07 15:47:50','2024-06-07 15:47:50',5,10),('2024-06-07 15:48:59','2024-06-07 15:48:59',5,12),('2024-06-07 15:47:47','2024-06-07 15:47:47',6,10),('2024-06-07 15:48:17','2024-06-07 15:48:17',6,11),('2024-06-07 15:48:51','2024-06-07 15:48:51',6,12),('2024-06-07 15:47:13','2024-06-07 15:47:13',6,14),('2024-06-07 15:49:25','2024-06-07 15:49:25',6,16),('2024-06-07 15:50:00','2024-06-07 15:50:00',6,17),('2024-06-07 15:50:24','2024-06-07 15:50:24',6,18),('2024-06-07 15:47:46','2024-06-07 15:47:46',7,10),('2024-06-07 15:48:18','2024-06-07 15:48:18',7,11),('2024-06-07 15:50:05','2024-06-07 15:50:05',10,17);

INSERT INTO `list_user` VALUES ('2024-06-07 14:20:27','2024-06-07 14:20:27',1,10),('2024-06-07 14:24:50','2024-06-07 14:24:50',2,11),('2024-06-07 14:28:08','2024-06-07 14:28:08',3,12),('2024-06-07 14:30:20','2024-06-07 14:30:20',4,13),('2024-06-07 14:47:41','2024-06-07 14:47:41',5,19),('2024-06-07 15:17:35','2024-06-07 15:17:35',6,19),('2024-06-07 15:22:09','2024-06-07 15:22:09',7,19),('2024-06-07 15:26:23','2024-06-07 15:26:23',8,19),('2024-06-07 15:27:51','2024-06-07 15:27:51',9,19),('2024-06-07 15:46:03','2024-06-07 15:46:03',10,14);

INSERT INTO `user_like` VALUES ('2024-06-07 15:47:57','2024-06-07 15:47:57',1,10),('2024-06-07 15:12:55','2024-06-07 15:12:55',2,19),('2024-06-07 15:49:09','2024-06-07 15:49:09',3,12),('2024-06-07 15:49:58','2024-06-07 15:49:58',3,17),('2024-06-07 15:49:10','2024-06-07 15:49:10',4,12),('2024-06-07 15:49:59','2024-06-07 15:49:59',4,17),('2024-06-07 15:48:30','2024-06-07 15:48:30',6,11),('2024-06-07 15:48:33','2024-06-07 15:48:33',7,11),('2024-06-07 14:51:15','2024-06-07 14:51:15',7,19),('2024-06-07 15:47:58','2024-06-07 15:47:58',8,10),('2024-06-07 15:49:04','2024-06-07 15:49:04',10,12),('2024-06-07 15:50:38','2024-06-07 15:50:38',10,18),('2024-06-07 14:51:37','2024-06-07 14:51:37',10,19),('2024-06-07 15:49:37','2024-06-07 15:49:37',11,16),('2024-06-07 15:47:18','2024-06-07 15:47:18',12,14),('2024-06-07 15:49:36','2024-06-07 15:49:36',12,16),('2024-06-07 15:50:08','2024-06-07 15:50:08',12,17),('2024-06-07 14:51:39','2024-06-07 14:51:39',12,19),('2024-06-07 15:48:23','2024-06-07 15:48:23',13,11),('2024-06-07 15:48:01','2024-06-07 15:48:01',14,10),('2024-06-07 15:50:03','2024-06-07 15:50:03',14,17),('2024-06-07 15:47:51','2024-06-07 15:47:51',19,10),('2024-06-07 15:48:20','2024-06-07 15:48:20',19,11),('2024-06-07 15:49:00','2024-06-07 15:49:00',19,12),('2024-06-07 15:47:15','2024-06-07 15:47:15',19,14),('2024-06-07 15:49:29','2024-06-07 15:49:29',19,16),('2024-06-07 15:50:01','2024-06-07 15:50:01',19,17),('2024-06-07 15:50:24','2024-06-07 15:50:24',19,18);

INSERT INTO `waters` VALUES (1,0,'2024-06-07 00:00:00','2024-06-07 14:14:47',NULL,10),(2,0,'2024-06-07 00:00:00','2024-06-07 14:24:48',NULL,11),(3,0,'2024-06-07 00:00:00','2024-06-07 14:28:07',NULL,12),(4,0,'2024-06-07 00:00:00','2024-06-07 14:30:19',NULL,13),(5,100,'2024-06-07 00:00:00','2024-06-07 15:16:43',NULL,19),(6,0,'2024-06-07 00:00:00','2024-06-07 15:46:01',NULL,14);